--
-- PostgreSQL database dump
--

\restrict fW9xKfMFVvp6Zlva1CtNIOCG4p980RdGnz2S7a3f1wfvz7yITSyw7UFZOV2klIl

-- Dumped from database version 15.14
-- Dumped by pg_dump version 15.14

SET statement_timeout = 0;
SET lock_timeout = 0;
SET idle_in_transaction_session_timeout = 0;
SET client_encoding = 'UTF8';
SET standard_conforming_strings = on;
SELECT pg_catalog.set_config('search_path', '', false);
SET check_function_bodies = false;
SET xmloption = content;
SET client_min_messages = warning;
SET row_security = off;

SET default_tablespace = '';

SET default_table_access_method = heap;

--
-- Name: auth_group; Type: TABLE; Schema: public; Owner: admin
--

CREATE TABLE public.auth_group (
    id integer NOT NULL,
    name character varying(150) NOT NULL
);


ALTER TABLE public.auth_group OWNER TO admin;

--
-- Name: auth_group_id_seq; Type: SEQUENCE; Schema: public; Owner: admin
--

ALTER TABLE public.auth_group ALTER COLUMN id ADD GENERATED BY DEFAULT AS IDENTITY (
    SEQUENCE NAME public.auth_group_id_seq
    START WITH 1
    INCREMENT BY 1
    NO MINVALUE
    NO MAXVALUE
    CACHE 1
);


--
-- Name: auth_group_permissions; Type: TABLE; Schema: public; Owner: admin
--

CREATE TABLE public.auth_group_permissions (
    id bigint NOT NULL,
    group_id integer NOT NULL,
    permission_id integer NOT NULL
);


ALTER TABLE public.auth_group_permissions OWNER TO admin;

--
-- Name: auth_group_permissions_id_seq; Type: SEQUENCE; Schema: public; Owner: admin
--

ALTER TABLE public.auth_group_permissions ALTER COLUMN id ADD GENERATED BY DEFAULT AS IDENTITY (
    SEQUENCE NAME public.auth_group_permissions_id_seq
    START WITH 1
    INCREMENT BY 1
    NO MINVALUE
    NO MAXVALUE
    CACHE 1
);


--
-- Name: auth_permission; Type: TABLE; Schema: public; Owner: admin
--

CREATE TABLE public.auth_permission (
    id integer NOT NULL,
    name character varying(255) NOT NULL,
    content_type_id integer NOT NULL,
    codename character varying(100) NOT NULL
);


ALTER TABLE public.auth_permission OWNER TO admin;

--
-- Name: auth_permission_id_seq; Type: SEQUENCE; Schema: public; Owner: admin
--

ALTER TABLE public.auth_permission ALTER COLUMN id ADD GENERATED BY DEFAULT AS IDENTITY (
    SEQUENCE NAME public.auth_permission_id_seq
    START WITH 1
    INCREMENT BY 1
    NO MINVALUE
    NO MAXVALUE
    CACHE 1
);


--
-- Name: building_apartment; Type: TABLE; Schema: public; Owner: admin
--

CREATE TABLE public.building_apartment (
    id bigint NOT NULL,
    number character varying(10) NOT NULL,
    area double precision,
    owner_id bigint,
    tariff_id bigint,
    floor_id bigint,
    house_id bigint NOT NULL,
    personal_account_id bigint,
    section_id bigint
);


ALTER TABLE public.building_apartment OWNER TO admin;

--
-- Name: building_apartment_id_seq; Type: SEQUENCE; Schema: public; Owner: admin
--

ALTER TABLE public.building_apartment ALTER COLUMN id ADD GENERATED BY DEFAULT AS IDENTITY (
    SEQUENCE NAME public.building_apartment_id_seq
    START WITH 1
    INCREMENT BY 1
    NO MINVALUE
    NO MAXVALUE
    CACHE 1
);


--
-- Name: building_floor; Type: TABLE; Schema: public; Owner: admin
--

CREATE TABLE public.building_floor (
    id bigint NOT NULL,
    name character varying(100) NOT NULL,
    house_id bigint NOT NULL
);


ALTER TABLE public.building_floor OWNER TO admin;

--
-- Name: building_floor_id_seq; Type: SEQUENCE; Schema: public; Owner: admin
--

ALTER TABLE public.building_floor ALTER COLUMN id ADD GENERATED BY DEFAULT AS IDENTITY (
    SEQUENCE NAME public.building_floor_id_seq
    START WITH 1
    INCREMENT BY 1
    NO MINVALUE
    NO MAXVALUE
    CACHE 1
);


--
-- Name: building_house; Type: TABLE; Schema: public; Owner: admin
--

CREATE TABLE public.building_house (
    id bigint NOT NULL,
    title character varying(255) NOT NULL,
    address text NOT NULL,
    image1 character varying(100),
    image2 character varying(100),
    image3 character varying(100),
    image4 character varying(100),
    image5 character varying(100)
);


ALTER TABLE public.building_house OWNER TO admin;

--
-- Name: building_house_id_seq; Type: SEQUENCE; Schema: public; Owner: admin
--

ALTER TABLE public.building_house ALTER COLUMN id ADD GENERATED BY DEFAULT AS IDENTITY (
    SEQUENCE NAME public.building_house_id_seq
    START WITH 1
    INCREMENT BY 1
    NO MINVALUE
    NO MAXVALUE
    CACHE 1
);


--
-- Name: building_housestaff; Type: TABLE; Schema: public; Owner: admin
--

CREATE TABLE public.building_housestaff (
    id bigint NOT NULL,
    role_in_house character varying(100) NOT NULL,
    house_id bigint NOT NULL,
    user_id bigint NOT NULL
);


ALTER TABLE public.building_housestaff OWNER TO admin;

--
-- Name: building_housestaff_id_seq; Type: SEQUENCE; Schema: public; Owner: admin
--

ALTER TABLE public.building_housestaff ALTER COLUMN id ADD GENERATED BY DEFAULT AS IDENTITY (
    SEQUENCE NAME public.building_housestaff_id_seq
    START WITH 1
    INCREMENT BY 1
    NO MINVALUE
    NO MAXVALUE
    CACHE 1
);


--
-- Name: building_personalaccount; Type: TABLE; Schema: public; Owner: admin
--

CREATE TABLE public.building_personalaccount (
    id bigint NOT NULL,
    number character varying(20) NOT NULL,
    status character varying(20) NOT NULL,
    balance numeric(10,2) NOT NULL
);


ALTER TABLE public.building_personalaccount OWNER TO admin;

--
-- Name: building_personalaccount_id_seq; Type: SEQUENCE; Schema: public; Owner: admin
--

ALTER TABLE public.building_personalaccount ALTER COLUMN id ADD GENERATED BY DEFAULT AS IDENTITY (
    SEQUENCE NAME public.building_personalaccount_id_seq
    START WITH 1
    INCREMENT BY 1
    NO MINVALUE
    NO MAXVALUE
    CACHE 1
);


--
-- Name: building_section; Type: TABLE; Schema: public; Owner: admin
--

CREATE TABLE public.building_section (
    id bigint NOT NULL,
    name character varying(100) NOT NULL,
    house_id bigint NOT NULL
);


ALTER TABLE public.building_section OWNER TO admin;

--
-- Name: building_section_id_seq; Type: SEQUENCE; Schema: public; Owner: admin
--

ALTER TABLE public.building_section ALTER COLUMN id ADD GENERATED BY DEFAULT AS IDENTITY (
    SEQUENCE NAME public.building_section_id_seq
    START WITH 1
    INCREMENT BY 1
    NO MINVALUE
    NO MAXVALUE
    CACHE 1
);


--
-- Name: django_admin_log; Type: TABLE; Schema: public; Owner: admin
--

CREATE TABLE public.django_admin_log (
    id integer NOT NULL,
    action_time timestamp with time zone NOT NULL,
    object_id text,
    object_repr character varying(200) NOT NULL,
    action_flag smallint NOT NULL,
    change_message text NOT NULL,
    content_type_id integer,
    user_id bigint NOT NULL,
    CONSTRAINT django_admin_log_action_flag_check CHECK ((action_flag >= 0))
);


ALTER TABLE public.django_admin_log OWNER TO admin;

--
-- Name: django_admin_log_id_seq; Type: SEQUENCE; Schema: public; Owner: admin
--

ALTER TABLE public.django_admin_log ALTER COLUMN id ADD GENERATED BY DEFAULT AS IDENTITY (
    SEQUENCE NAME public.django_admin_log_id_seq
    START WITH 1
    INCREMENT BY 1
    NO MINVALUE
    NO MAXVALUE
    CACHE 1
);


--
-- Name: django_content_type; Type: TABLE; Schema: public; Owner: admin
--

CREATE TABLE public.django_content_type (
    id integer NOT NULL,
    app_label character varying(100) NOT NULL,
    model character varying(100) NOT NULL
);


ALTER TABLE public.django_content_type OWNER TO admin;

--
-- Name: django_content_type_id_seq; Type: SEQUENCE; Schema: public; Owner: admin
--

ALTER TABLE public.django_content_type ALTER COLUMN id ADD GENERATED BY DEFAULT AS IDENTITY (
    SEQUENCE NAME public.django_content_type_id_seq
    START WITH 1
    INCREMENT BY 1
    NO MINVALUE
    NO MAXVALUE
    CACHE 1
);


--
-- Name: django_migrations; Type: TABLE; Schema: public; Owner: admin
--

CREATE TABLE public.django_migrations (
    id bigint NOT NULL,
    app character varying(255) NOT NULL,
    name character varying(255) NOT NULL,
    applied timestamp with time zone NOT NULL
);


ALTER TABLE public.django_migrations OWNER TO admin;

--
-- Name: django_migrations_id_seq; Type: SEQUENCE; Schema: public; Owner: admin
--

ALTER TABLE public.django_migrations ALTER COLUMN id ADD GENERATED BY DEFAULT AS IDENTITY (
    SEQUENCE NAME public.django_migrations_id_seq
    START WITH 1
    INCREMENT BY 1
    NO MINVALUE
    NO MAXVALUE
    CACHE 1
);


--
-- Name: django_session; Type: TABLE; Schema: public; Owner: admin
--

CREATE TABLE public.django_session (
    session_key character varying(40) NOT NULL,
    session_data text NOT NULL,
    expire_date timestamp with time zone NOT NULL
);


ALTER TABLE public.django_session OWNER TO admin;

--
-- Name: finance_article; Type: TABLE; Schema: public; Owner: admin
--

CREATE TABLE public.finance_article (
    id bigint NOT NULL,
    name character varying(255) NOT NULL,
    type character varying(10) NOT NULL
);


ALTER TABLE public.finance_article OWNER TO admin;

--
-- Name: finance_article_id_seq; Type: SEQUENCE; Schema: public; Owner: admin
--

ALTER TABLE public.finance_article ALTER COLUMN id ADD GENERATED BY DEFAULT AS IDENTITY (
    SEQUENCE NAME public.finance_article_id_seq
    START WITH 1
    INCREMENT BY 1
    NO MINVALUE
    NO MAXVALUE
    CACHE 1
);


--
-- Name: finance_cashbox; Type: TABLE; Schema: public; Owner: admin
--

CREATE TABLE public.finance_cashbox (
    id bigint NOT NULL,
    amount numeric(10,2) NOT NULL,
    date date NOT NULL,
    comment text NOT NULL,
    article_id bigint NOT NULL,
    personal_account_id bigint,
    receipt_id bigint,
    is_posted boolean NOT NULL,
    manager_id bigint,
    number character varying(50) NOT NULL
);


ALTER TABLE public.finance_cashbox OWNER TO admin;

--
-- Name: finance_cashbox_id_seq; Type: SEQUENCE; Schema: public; Owner: admin
--

ALTER TABLE public.finance_cashbox ALTER COLUMN id ADD GENERATED BY DEFAULT AS IDENTITY (
    SEQUENCE NAME public.finance_cashbox_id_seq
    START WITH 1
    INCREMENT BY 1
    NO MINVALUE
    NO MAXVALUE
    CACHE 1
);


--
-- Name: finance_counter; Type: TABLE; Schema: public; Owner: admin
--

CREATE TABLE public.finance_counter (
    id bigint NOT NULL,
    serial_number character varying(100) NOT NULL,
    is_active boolean NOT NULL,
    apartment_id bigint NOT NULL,
    service_id bigint NOT NULL
);


ALTER TABLE public.finance_counter OWNER TO admin;

--
-- Name: finance_counter_id_seq; Type: SEQUENCE; Schema: public; Owner: admin
--

ALTER TABLE public.finance_counter ALTER COLUMN id ADD GENERATED BY DEFAULT AS IDENTITY (
    SEQUENCE NAME public.finance_counter_id_seq
    START WITH 1
    INCREMENT BY 1
    NO MINVALUE
    NO MAXVALUE
    CACHE 1
);


--
-- Name: finance_counterreading; Type: TABLE; Schema: public; Owner: admin
--

CREATE TABLE public.finance_counterreading (
    id bigint NOT NULL,
    number character varying(20) NOT NULL,
    date date NOT NULL,
    value numeric(12,3) NOT NULL,
    status character varying(20) NOT NULL,
    counter_id bigint NOT NULL
);


ALTER TABLE public.finance_counterreading OWNER TO admin;

--
-- Name: finance_counterreading_id_seq; Type: SEQUENCE; Schema: public; Owner: admin
--

ALTER TABLE public.finance_counterreading ALTER COLUMN id ADD GENERATED BY DEFAULT AS IDENTITY (
    SEQUENCE NAME public.finance_counterreading_id_seq
    START WITH 1
    INCREMENT BY 1
    NO MINVALUE
    NO MAXVALUE
    CACHE 1
);


--
-- Name: finance_currency; Type: TABLE; Schema: public; Owner: admin
--

CREATE TABLE public.finance_currency (
    id bigint NOT NULL,
    name character varying(50) NOT NULL
);


ALTER TABLE public.finance_currency OWNER TO admin;

--
-- Name: finance_currency_id_seq; Type: SEQUENCE; Schema: public; Owner: admin
--

ALTER TABLE public.finance_currency ALTER COLUMN id ADD GENERATED BY DEFAULT AS IDENTITY (
    SEQUENCE NAME public.finance_currency_id_seq
    START WITH 1
    INCREMENT BY 1
    NO MINVALUE
    NO MAXVALUE
    CACHE 1
);


--
-- Name: finance_paymentdetails; Type: TABLE; Schema: public; Owner: admin
--

CREATE TABLE public.finance_paymentdetails (
    id bigint NOT NULL,
    company_name character varying(255) NOT NULL,
    info text NOT NULL
);


ALTER TABLE public.finance_paymentdetails OWNER TO admin;

--
-- Name: finance_paymentdetails_id_seq; Type: SEQUENCE; Schema: public; Owner: admin
--

ALTER TABLE public.finance_paymentdetails ALTER COLUMN id ADD GENERATED BY DEFAULT AS IDENTITY (
    SEQUENCE NAME public.finance_paymentdetails_id_seq
    START WITH 1
    INCREMENT BY 1
    NO MINVALUE
    NO MAXVALUE
    CACHE 1
);


--
-- Name: finance_printtemplate; Type: TABLE; Schema: public; Owner: admin
--

CREATE TABLE public.finance_printtemplate (
    id bigint NOT NULL,
    name character varying(255) NOT NULL,
    template_file character varying(100) NOT NULL,
    is_default boolean NOT NULL
);


ALTER TABLE public.finance_printtemplate OWNER TO admin;

--
-- Name: finance_printtemplate_id_seq; Type: SEQUENCE; Schema: public; Owner: admin
--

ALTER TABLE public.finance_printtemplate ALTER COLUMN id ADD GENERATED BY DEFAULT AS IDENTITY (
    SEQUENCE NAME public.finance_printtemplate_id_seq
    START WITH 1
    INCREMENT BY 1
    NO MINVALUE
    NO MAXVALUE
    CACHE 1
);


--
-- Name: finance_receipt; Type: TABLE; Schema: public; Owner: admin
--

CREATE TABLE public.finance_receipt (
    id bigint NOT NULL,
    number character varying(50) NOT NULL,
    date date NOT NULL,
    is_posted boolean NOT NULL,
    period_start date,
    period_end date,
    status character varying(20) NOT NULL,
    total_amount numeric(10,2) NOT NULL,
    created_at timestamp with time zone NOT NULL,
    apartment_id bigint NOT NULL,
    tariff_id bigint
);


ALTER TABLE public.finance_receipt OWNER TO admin;

--
-- Name: finance_receipt_id_seq; Type: SEQUENCE; Schema: public; Owner: admin
--

ALTER TABLE public.finance_receipt ALTER COLUMN id ADD GENERATED BY DEFAULT AS IDENTITY (
    SEQUENCE NAME public.finance_receipt_id_seq
    START WITH 1
    INCREMENT BY 1
    NO MINVALUE
    NO MAXVALUE
    CACHE 1
);


--
-- Name: finance_receiptitem; Type: TABLE; Schema: public; Owner: admin
--

CREATE TABLE public.finance_receiptitem (
    id bigint NOT NULL,
    amount numeric(10,2) NOT NULL,
    consumption numeric(10,3),
    price_per_unit numeric(10,2),
    receipt_id bigint NOT NULL,
    service_id bigint NOT NULL
);


ALTER TABLE public.finance_receiptitem OWNER TO admin;

--
-- Name: finance_receiptitem_id_seq; Type: SEQUENCE; Schema: public; Owner: admin
--

ALTER TABLE public.finance_receiptitem ALTER COLUMN id ADD GENERATED BY DEFAULT AS IDENTITY (
    SEQUENCE NAME public.finance_receiptitem_id_seq
    START WITH 1
    INCREMENT BY 1
    NO MINVALUE
    NO MAXVALUE
    CACHE 1
);


--
-- Name: finance_service; Type: TABLE; Schema: public; Owner: admin
--

CREATE TABLE public.finance_service (
    id bigint NOT NULL,
    name character varying(255) NOT NULL,
    show_in_counters boolean NOT NULL,
    unit_id bigint NOT NULL
);


ALTER TABLE public.finance_service OWNER TO admin;

--
-- Name: finance_service_id_seq; Type: SEQUENCE; Schema: public; Owner: admin
--

ALTER TABLE public.finance_service ALTER COLUMN id ADD GENERATED BY DEFAULT AS IDENTITY (
    SEQUENCE NAME public.finance_service_id_seq
    START WITH 1
    INCREMENT BY 1
    NO MINVALUE
    NO MAXVALUE
    CACHE 1
);


--
-- Name: finance_tariff; Type: TABLE; Schema: public; Owner: admin
--

CREATE TABLE public.finance_tariff (
    id bigint NOT NULL,
    name character varying(255) NOT NULL,
    description text NOT NULL,
    created_at timestamp with time zone NOT NULL,
    updated_at timestamp with time zone NOT NULL
);


ALTER TABLE public.finance_tariff OWNER TO admin;

--
-- Name: finance_tariff_id_seq; Type: SEQUENCE; Schema: public; Owner: admin
--

ALTER TABLE public.finance_tariff ALTER COLUMN id ADD GENERATED BY DEFAULT AS IDENTITY (
    SEQUENCE NAME public.finance_tariff_id_seq
    START WITH 1
    INCREMENT BY 1
    NO MINVALUE
    NO MAXVALUE
    CACHE 1
);


--
-- Name: finance_tariffservice; Type: TABLE; Schema: public; Owner: admin
--

CREATE TABLE public.finance_tariffservice (
    id bigint NOT NULL,
    price numeric(10,2) NOT NULL,
    currency_id bigint NOT NULL,
    service_id bigint NOT NULL,
    tariff_id bigint NOT NULL
);


ALTER TABLE public.finance_tariffservice OWNER TO admin;

--
-- Name: finance_tariffservice_id_seq; Type: SEQUENCE; Schema: public; Owner: admin
--

ALTER TABLE public.finance_tariffservice ALTER COLUMN id ADD GENERATED BY DEFAULT AS IDENTITY (
    SEQUENCE NAME public.finance_tariffservice_id_seq
    START WITH 1
    INCREMENT BY 1
    NO MINVALUE
    NO MAXVALUE
    CACHE 1
);


--
-- Name: finance_unit; Type: TABLE; Schema: public; Owner: admin
--

CREATE TABLE public.finance_unit (
    id bigint NOT NULL,
    name character varying(50) NOT NULL
);


ALTER TABLE public.finance_unit OWNER TO admin;

--
-- Name: finance_unit_id_seq; Type: SEQUENCE; Schema: public; Owner: admin
--

ALTER TABLE public.finance_unit ALTER COLUMN id ADD GENERATED BY DEFAULT AS IDENTITY (
    SEQUENCE NAME public.finance_unit_id_seq
    START WITH 1
    INCREMENT BY 1
    NO MINVALUE
    NO MAXVALUE
    CACHE 1
);


--
-- Name: users_invitation; Type: TABLE; Schema: public; Owner: admin
--

CREATE TABLE public.users_invitation (
    id bigint NOT NULL,
    token uuid NOT NULL,
    created_at timestamp with time zone NOT NULL,
    is_used boolean NOT NULL,
    user_id bigint NOT NULL
);


ALTER TABLE public.users_invitation OWNER TO admin;

--
-- Name: users_invitation_id_seq; Type: SEQUENCE; Schema: public; Owner: admin
--

ALTER TABLE public.users_invitation ALTER COLUMN id ADD GENERATED BY DEFAULT AS IDENTITY (
    SEQUENCE NAME public.users_invitation_id_seq
    START WITH 1
    INCREMENT BY 1
    NO MINVALUE
    NO MAXVALUE
    CACHE 1
);


--
-- Name: users_message; Type: TABLE; Schema: public; Owner: admin
--

CREATE TABLE public.users_message (
    id bigint NOT NULL,
    title character varying(255) NOT NULL,
    text text NOT NULL,
    date timestamp with time zone NOT NULL,
    sender_id bigint
);


ALTER TABLE public.users_message OWNER TO admin;

--
-- Name: users_message_id_seq; Type: SEQUENCE; Schema: public; Owner: admin
--

ALTER TABLE public.users_message ALTER COLUMN id ADD GENERATED BY DEFAULT AS IDENTITY (
    SEQUENCE NAME public.users_message_id_seq
    START WITH 1
    INCREMENT BY 1
    NO MINVALUE
    NO MAXVALUE
    CACHE 1
);


--
-- Name: users_messagerecipient; Type: TABLE; Schema: public; Owner: admin
--

CREATE TABLE public.users_messagerecipient (
    id bigint NOT NULL,
    message_id bigint NOT NULL,
    user_id bigint NOT NULL,
    is_read boolean NOT NULL,
    is_hidden boolean NOT NULL
);


ALTER TABLE public.users_messagerecipient OWNER TO admin;

--
-- Name: users_messagerecipient_id_seq; Type: SEQUENCE; Schema: public; Owner: admin
--

ALTER TABLE public.users_messagerecipient ALTER COLUMN id ADD GENERATED BY DEFAULT AS IDENTITY (
    SEQUENCE NAME public.users_messagerecipient_id_seq
    START WITH 1
    INCREMENT BY 1
    NO MINVALUE
    NO MAXVALUE
    CACHE 1
);


--
-- Name: users_role; Type: TABLE; Schema: public; Owner: admin
--

CREATE TABLE public.users_role (
    id bigint NOT NULL,
    name character varying(100) NOT NULL,
    has_statistics boolean NOT NULL,
    has_cashbox boolean NOT NULL,
    has_receipt boolean NOT NULL,
    has_personal_account boolean NOT NULL,
    has_apartment boolean NOT NULL,
    has_owner boolean NOT NULL,
    has_house boolean NOT NULL,
    has_message boolean NOT NULL,
    has_ticket boolean NOT NULL,
    has_counters boolean NOT NULL,
    has_management boolean NOT NULL,
    has_service boolean NOT NULL,
    has_tariff boolean NOT NULL,
    has_role boolean NOT NULL,
    has_user boolean NOT NULL,
    has_payment_details boolean NOT NULL,
    has_article boolean NOT NULL
);


ALTER TABLE public.users_role OWNER TO admin;

--
-- Name: users_role_id_seq; Type: SEQUENCE; Schema: public; Owner: admin
--

ALTER TABLE public.users_role ALTER COLUMN id ADD GENERATED BY DEFAULT AS IDENTITY (
    SEQUENCE NAME public.users_role_id_seq
    START WITH 1
    INCREMENT BY 1
    NO MINVALUE
    NO MAXVALUE
    CACHE 1
);


--
-- Name: users_ticket; Type: TABLE; Schema: public; Owner: admin
--

CREATE TABLE public.users_ticket (
    id bigint NOT NULL,
    status character varying(20) NOT NULL,
    phone character varying(20) NOT NULL,
    description text NOT NULL,
    date date NOT NULL,
    "time" time without time zone NOT NULL,
    apartment_id bigint NOT NULL,
    role_id bigint,
    user_id bigint NOT NULL,
    comment text NOT NULL,
    created_at timestamp with time zone NOT NULL,
    master_id bigint
);


ALTER TABLE public.users_ticket OWNER TO admin;

--
-- Name: users_ticket_id_seq; Type: SEQUENCE; Schema: public; Owner: admin
--

ALTER TABLE public.users_ticket ALTER COLUMN id ADD GENERATED BY DEFAULT AS IDENTITY (
    SEQUENCE NAME public.users_ticket_id_seq
    START WITH 1
    INCREMENT BY 1
    NO MINVALUE
    NO MAXVALUE
    CACHE 1
);


--
-- Name: users_user; Type: TABLE; Schema: public; Owner: admin
--

CREATE TABLE public.users_user (
    id bigint NOT NULL,
    password character varying(128) NOT NULL,
    last_login timestamp with time zone,
    is_superuser boolean NOT NULL,
    username character varying(150) NOT NULL,
    first_name character varying(150) NOT NULL,
    last_name character varying(150) NOT NULL,
    email character varying(254) NOT NULL,
    is_staff boolean NOT NULL,
    is_active boolean NOT NULL,
    date_joined timestamp with time zone NOT NULL,
    user_id character varying(20),
    middle_name character varying(150) NOT NULL,
    user_type character varying(10) NOT NULL,
    status character varying(10) NOT NULL,
    avatar character varying(100),
    birthday date,
    description text NOT NULL,
    phone character varying(20) NOT NULL,
    viber character varying(20) NOT NULL,
    telegram character varying(50) NOT NULL,
    role_id bigint
);


ALTER TABLE public.users_user OWNER TO admin;

--
-- Name: users_user_groups; Type: TABLE; Schema: public; Owner: admin
--

CREATE TABLE public.users_user_groups (
    id bigint NOT NULL,
    user_id bigint NOT NULL,
    group_id integer NOT NULL
);


ALTER TABLE public.users_user_groups OWNER TO admin;

--
-- Name: users_user_groups_id_seq; Type: SEQUENCE; Schema: public; Owner: admin
--

ALTER TABLE public.users_user_groups ALTER COLUMN id ADD GENERATED BY DEFAULT AS IDENTITY (
    SEQUENCE NAME public.users_user_groups_id_seq
    START WITH 1
    INCREMENT BY 1
    NO MINVALUE
    NO MAXVALUE
    CACHE 1
);


--
-- Name: users_user_id_seq; Type: SEQUENCE; Schema: public; Owner: admin
--

ALTER TABLE public.users_user ALTER COLUMN id ADD GENERATED BY DEFAULT AS IDENTITY (
    SEQUENCE NAME public.users_user_id_seq
    START WITH 1
    INCREMENT BY 1
    NO MINVALUE
    NO MAXVALUE
    CACHE 1
);


--
-- Name: users_user_user_permissions; Type: TABLE; Schema: public; Owner: admin
--

CREATE TABLE public.users_user_user_permissions (
    id bigint NOT NULL,
    user_id bigint NOT NULL,
    permission_id integer NOT NULL
);


ALTER TABLE public.users_user_user_permissions OWNER TO admin;

--
-- Name: users_user_user_permissions_id_seq; Type: SEQUENCE; Schema: public; Owner: admin
--

ALTER TABLE public.users_user_user_permissions ALTER COLUMN id ADD GENERATED BY DEFAULT AS IDENTITY (
    SEQUENCE NAME public.users_user_user_permissions_id_seq
    START WITH 1
    INCREMENT BY 1
    NO MINVALUE
    NO MAXVALUE
    CACHE 1
);


--
-- Name: website_aboutuspage; Type: TABLE; Schema: public; Owner: admin
--

CREATE TABLE public.website_aboutuspage (
    id bigint NOT NULL,
    title1 character varying(200) NOT NULL,
    description1 text NOT NULL,
    image character varying(100),
    title2 character varying(200) NOT NULL,
    description2 text NOT NULL,
    gallery1_id bigint,
    gallery2_id bigint,
    seo_block_id bigint NOT NULL
);


ALTER TABLE public.website_aboutuspage OWNER TO admin;

--
-- Name: website_aboutuspage_id_seq; Type: SEQUENCE; Schema: public; Owner: admin
--

ALTER TABLE public.website_aboutuspage ALTER COLUMN id ADD GENERATED BY DEFAULT AS IDENTITY (
    SEQUENCE NAME public.website_aboutuspage_id_seq
    START WITH 1
    INCREMENT BY 1
    NO MINVALUE
    NO MAXVALUE
    CACHE 1
);


--
-- Name: website_contactpage; Type: TABLE; Schema: public; Owner: admin
--

CREATE TABLE public.website_contactpage (
    id bigint NOT NULL,
    title character varying(200) NOT NULL,
    description text NOT NULL,
    url character varying(200) NOT NULL,
    fullname character varying(255) NOT NULL,
    location character varying(255) NOT NULL,
    address character varying(255) NOT NULL,
    phone character varying(50) NOT NULL,
    email character varying(254) NOT NULL,
    map text NOT NULL,
    seo_block_id bigint NOT NULL
);


ALTER TABLE public.website_contactpage OWNER TO admin;

--
-- Name: website_contactpage_id_seq; Type: SEQUENCE; Schema: public; Owner: admin
--

ALTER TABLE public.website_contactpage ALTER COLUMN id ADD GENERATED BY DEFAULT AS IDENTITY (
    SEQUENCE NAME public.website_contactpage_id_seq
    START WITH 1
    INCREMENT BY 1
    NO MINVALUE
    NO MAXVALUE
    CACHE 1
);


--
-- Name: website_document; Type: TABLE; Schema: public; Owner: admin
--

CREATE TABLE public.website_document (
    id bigint NOT NULL,
    name character varying(100) NOT NULL,
    document character varying(100) NOT NULL
);


ALTER TABLE public.website_document OWNER TO admin;

--
-- Name: website_document_id_seq; Type: SEQUENCE; Schema: public; Owner: admin
--

ALTER TABLE public.website_document ALTER COLUMN id ADD GENERATED BY DEFAULT AS IDENTITY (
    SEQUENCE NAME public.website_document_id_seq
    START WITH 1
    INCREMENT BY 1
    NO MINVALUE
    NO MAXVALUE
    CACHE 1
);


--
-- Name: website_gallery; Type: TABLE; Schema: public; Owner: admin
--

CREATE TABLE public.website_gallery (
    id bigint NOT NULL,
    name character varying(100) NOT NULL
);


ALTER TABLE public.website_gallery OWNER TO admin;

--
-- Name: website_gallery_id_seq; Type: SEQUENCE; Schema: public; Owner: admin
--

ALTER TABLE public.website_gallery ALTER COLUMN id ADD GENERATED BY DEFAULT AS IDENTITY (
    SEQUENCE NAME public.website_gallery_id_seq
    START WITH 1
    INCREMENT BY 1
    NO MINVALUE
    NO MAXVALUE
    CACHE 1
);


--
-- Name: website_image; Type: TABLE; Schema: public; Owner: admin
--

CREATE TABLE public.website_image (
    id bigint NOT NULL,
    image character varying(100) NOT NULL,
    gallery_id bigint NOT NULL
);


ALTER TABLE public.website_image OWNER TO admin;

--
-- Name: website_image_id_seq; Type: SEQUENCE; Schema: public; Owner: admin
--

ALTER TABLE public.website_image ALTER COLUMN id ADD GENERATED BY DEFAULT AS IDENTITY (
    SEQUENCE NAME public.website_image_id_seq
    START WITH 1
    INCREMENT BY 1
    NO MINVALUE
    NO MAXVALUE
    CACHE 1
);


--
-- Name: website_mainblock; Type: TABLE; Schema: public; Owner: admin
--

CREATE TABLE public.website_mainblock (
    id bigint NOT NULL,
    image character varying(100) NOT NULL,
    title character varying(150) NOT NULL,
    description text NOT NULL,
    main_page_id bigint NOT NULL
);


ALTER TABLE public.website_mainblock OWNER TO admin;

--
-- Name: website_mainblock_id_seq; Type: SEQUENCE; Schema: public; Owner: admin
--

ALTER TABLE public.website_mainblock ALTER COLUMN id ADD GENERATED BY DEFAULT AS IDENTITY (
    SEQUENCE NAME public.website_mainblock_id_seq
    START WITH 1
    INCREMENT BY 1
    NO MINVALUE
    NO MAXVALUE
    CACHE 1
);


--
-- Name: website_mainpage; Type: TABLE; Schema: public; Owner: admin
--

CREATE TABLE public.website_mainpage (
    id bigint NOT NULL,
    title character varying(200) NOT NULL,
    description text NOT NULL,
    is_show_apps boolean NOT NULL,
    gallery_id bigint,
    seo_block_id bigint NOT NULL
);


ALTER TABLE public.website_mainpage OWNER TO admin;

--
-- Name: website_mainpage_id_seq; Type: SEQUENCE; Schema: public; Owner: admin
--

ALTER TABLE public.website_mainpage ALTER COLUMN id ADD GENERATED BY DEFAULT AS IDENTITY (
    SEQUENCE NAME public.website_mainpage_id_seq
    START WITH 1
    INCREMENT BY 1
    NO MINVALUE
    NO MAXVALUE
    CACHE 1
);


--
-- Name: website_seoblock; Type: TABLE; Schema: public; Owner: admin
--

CREATE TABLE public.website_seoblock (
    id bigint NOT NULL,
    title character varying(255) NOT NULL,
    description text NOT NULL,
    keywords character varying(255) NOT NULL
);


ALTER TABLE public.website_seoblock OWNER TO admin;

--
-- Name: website_seoblock_id_seq; Type: SEQUENCE; Schema: public; Owner: admin
--

ALTER TABLE public.website_seoblock ALTER COLUMN id ADD GENERATED BY DEFAULT AS IDENTITY (
    SEQUENCE NAME public.website_seoblock_id_seq
    START WITH 1
    INCREMENT BY 1
    NO MINVALUE
    NO MAXVALUE
    CACHE 1
);


--
-- Name: website_serviceblock; Type: TABLE; Schema: public; Owner: admin
--

CREATE TABLE public.website_serviceblock (
    id bigint NOT NULL,
    image character varying(100) NOT NULL,
    title character varying(150) NOT NULL,
    description text NOT NULL,
    service_page_id bigint NOT NULL
);


ALTER TABLE public.website_serviceblock OWNER TO admin;

--
-- Name: website_serviceblock_id_seq; Type: SEQUENCE; Schema: public; Owner: admin
--

ALTER TABLE public.website_serviceblock ALTER COLUMN id ADD GENERATED BY DEFAULT AS IDENTITY (
    SEQUENCE NAME public.website_serviceblock_id_seq
    START WITH 1
    INCREMENT BY 1
    NO MINVALUE
    NO MAXVALUE
    CACHE 1
);


--
-- Name: website_servicepage; Type: TABLE; Schema: public; Owner: admin
--

CREATE TABLE public.website_servicepage (
    id bigint NOT NULL,
    seo_block_id bigint NOT NULL
);


ALTER TABLE public.website_servicepage OWNER TO admin;

--
-- Name: website_servicepage_id_seq; Type: SEQUENCE; Schema: public; Owner: admin
--

ALTER TABLE public.website_servicepage ALTER COLUMN id ADD GENERATED BY DEFAULT AS IDENTITY (
    SEQUENCE NAME public.website_servicepage_id_seq
    START WITH 1
    INCREMENT BY 1
    NO MINVALUE
    NO MAXVALUE
    CACHE 1
);


--
-- Data for Name: auth_group; Type: TABLE DATA; Schema: public; Owner: admin
--

COPY public.auth_group (id, name) FROM stdin;
1	Директор
2	Сантехник
\.


--
-- Data for Name: auth_group_permissions; Type: TABLE DATA; Schema: public; Owner: admin
--

COPY public.auth_group_permissions (id, group_id, permission_id) FROM stdin;
\.


--
-- Data for Name: auth_permission; Type: TABLE DATA; Schema: public; Owner: admin
--

COPY public.auth_permission (id, name, content_type_id, codename) FROM stdin;
1	Can add log entry	1	add_logentry
2	Can change log entry	1	change_logentry
3	Can delete log entry	1	delete_logentry
4	Can view log entry	1	view_logentry
5	Can add permission	2	add_permission
6	Can change permission	2	change_permission
7	Can delete permission	2	delete_permission
8	Can view permission	2	view_permission
9	Can add group	3	add_group
10	Can change group	3	change_group
11	Can delete group	3	delete_group
12	Can view group	3	view_group
13	Can add content type	4	add_contenttype
14	Can change content type	4	change_contenttype
15	Can delete content type	4	delete_contenttype
16	Can view content type	4	view_contenttype
17	Can add session	5	add_session
18	Can change session	5	change_session
19	Can delete session	5	delete_session
20	Can view session	5	view_session
21	Can add Revenue/expense item	6	add_article
22	Can change Revenue/expense item	6	change_article
23	Can delete Revenue/expense item	6	delete_article
24	Can view Revenue/expense item	6	view_article
25	Can add Currency	7	add_currency
26	Can change Currency	7	change_currency
27	Can delete Currency	7	delete_currency
28	Can view Currency	7	view_currency
29	Can add Платежные реквизиты	8	add_paymentdetails
30	Can change Платежные реквизиты	8	change_paymentdetails
31	Can delete Платежные реквизиты	8	delete_paymentdetails
32	Can view Платежные реквизиты	8	view_paymentdetails
33	Can add Service	9	add_service
34	Can change Service	9	change_service
35	Can delete Service	9	delete_service
36	Can view Service	9	view_service
37	Can add Tariff	10	add_tariff
38	Can change Tariff	10	change_tariff
39	Can delete Tariff	10	delete_tariff
40	Can view Tariff	10	view_tariff
41	Can add Unit	11	add_unit
42	Can change Unit	11	change_unit
43	Can delete Unit	11	delete_unit
44	Can view Unit	11	view_unit
45	Can add Счетчик	12	add_counter
46	Can change Счетчик	12	change_counter
47	Can delete Счетчик	12	delete_counter
48	Can view Счетчик	12	view_counter
49	Can add Показание счетчика	13	add_counterreading
50	Can change Показание счетчика	13	change_counterreading
51	Can delete Показание счетчика	13	delete_counterreading
52	Can view Показание счетчика	13	view_counterreading
53	Can add Квитанция	14	add_receipt
54	Can change Квитанция	14	change_receipt
55	Can delete Квитанция	14	delete_receipt
56	Can view Квитанция	14	view_receipt
57	Can add Кассовая операция	15	add_cashbox
58	Can change Кассовая операция	15	change_cashbox
59	Can delete Кассовая операция	15	delete_cashbox
60	Can view Кассовая операция	15	view_cashbox
61	Can add Receipt line	16	add_receiptitem
62	Can change Receipt line	16	change_receiptitem
63	Can delete Receipt line	16	delete_receiptitem
64	Can view Receipt line	16	view_receiptitem
65	Can add Service included in the tariff	17	add_tariffservice
66	Can change Service included in the tariff	17	change_tariffservice
67	Can delete Service included in the tariff	17	delete_tariffservice
68	Can view Service included in the tariff	17	view_tariffservice
69	Can add Шаблон для печати	18	add_printtemplate
70	Can change Шаблон для печати	18	change_printtemplate
71	Can delete Шаблон для печати	18	delete_printtemplate
72	Can view Шаблон для печати	18	view_printtemplate
73	Can add Apartment	19	add_apartment
74	Can change Apartment	19	change_apartment
75	Can delete Apartment	19	delete_apartment
76	Can view Apartment	19	view_apartment
77	Can add Floor	20	add_floor
78	Can change Floor	20	change_floor
79	Can delete Floor	20	delete_floor
80	Can view Floor	20	view_floor
81	Can add House	21	add_house
82	Can change House	21	change_house
83	Can delete House	21	delete_house
84	Can view House	21	view_house
85	Can add House staff	22	add_housestaff
86	Can change House staff	22	change_housestaff
87	Can delete House staff	22	delete_housestaff
88	Can view House staff	22	view_housestaff
89	Can add Personal account	23	add_personalaccount
90	Can change Personal account	23	change_personalaccount
91	Can delete Personal account	23	delete_personalaccount
92	Can view Personal account	23	view_personalaccount
93	Can add Section	24	add_section
94	Can change Section	24	change_section
95	Can delete Section	24	delete_section
96	Can view Section	24	view_section
97	Can add Role	25	add_role
98	Can change Role	25	change_role
99	Can delete Role	25	delete_role
100	Can view Role	25	view_role
101	Can add user	26	add_user
102	Can change user	26	change_user
103	Can delete user	26	delete_user
104	Can view user	26	view_user
105	Can add Владелец	27	add_owner
106	Can change Владелец	27	change_owner
107	Can delete Владелец	27	delete_owner
108	Can view Владелец	27	view_owner
109	Can add Message	28	add_message
110	Can change Message	28	change_message
111	Can delete Message	28	delete_message
112	Can view Message	28	view_message
113	Can add Message recipient	29	add_messagerecipient
114	Can change Message recipient	29	change_messagerecipient
115	Can delete Message recipient	29	delete_messagerecipient
116	Can view Message recipient	29	view_messagerecipient
117	Can add Заявка	30	add_ticket
118	Can change Заявка	30	change_ticket
119	Can delete Заявка	30	delete_ticket
120	Can view Заявка	30	view_ticket
121	Can add invitation	31	add_invitation
122	Can change invitation	31	change_invitation
123	Can delete invitation	31	delete_invitation
124	Can view invitation	31	view_invitation
125	Can add Name of Document	32	add_document
126	Can change Name of Document	32	change_document
127	Can delete Name of Document	32	delete_document
128	Can view Name of Document	32	view_document
129	Can add Gallery	33	add_gallery
130	Can change Gallery	33	change_gallery
131	Can delete Gallery	33	delete_gallery
132	Can view Gallery	33	view_gallery
133	Can add Seo Block	34	add_seoblock
134	Can change Seo Block	34	change_seoblock
135	Can delete Seo Block	34	delete_seoblock
136	Can view Seo Block	34	view_seoblock
137	Can add Image	35	add_image
138	Can change Image	35	change_image
139	Can delete Image	35	delete_image
140	Can view Image	35	view_image
141	Can add home page	36	add_mainpage
142	Can change home page	36	change_mainpage
143	Can delete home page	36	delete_mainpage
144	Can view home page	36	view_mainpage
145	Can add Main block	37	add_mainblock
146	Can change Main block	37	change_mainblock
147	Can delete Main block	37	delete_mainblock
148	Can view Main block	37	view_mainblock
149	Can add Contact page	38	add_contactpage
150	Can change Contact page	38	change_contactpage
151	Can delete Contact page	38	delete_contactpage
152	Can view Contact page	38	view_contactpage
153	Can add About us page	39	add_aboutuspage
154	Can change About us page	39	change_aboutuspage
155	Can delete About us page	39	delete_aboutuspage
156	Can view About us page	39	view_aboutuspage
157	Can add Service page	40	add_servicepage
158	Can change Service page	40	change_servicepage
159	Can delete Service page	40	delete_servicepage
160	Can view Service page	40	view_servicepage
161	Can add Service	41	add_serviceblock
162	Can change Service	41	change_serviceblock
163	Can delete Service	41	delete_serviceblock
164	Can view Service	41	view_serviceblock
\.


--
-- Data for Name: building_apartment; Type: TABLE DATA; Schema: public; Owner: admin
--

COPY public.building_apartment (id, number, area, owner_id, tariff_id, floor_id, house_id, personal_account_id, section_id) FROM stdin;
2	2	121	4	3	1	1	2	1
3	1	12	5	3	2	2	3	2
1	1	12	4	3	1	1	1	1
\.


--
-- Data for Name: building_floor; Type: TABLE DATA; Schema: public; Owner: admin
--

COPY public.building_floor (id, name, house_id) FROM stdin;
1	Этаж 1	1
2	Этаж 1	2
\.


--
-- Data for Name: building_house; Type: TABLE DATA; Schema: public; Owner: admin
--

COPY public.building_house (id, title, address, image1, image2, image3, image4, image5) FROM stdin;
1	ЖК 1	ЖК 1ЖК 1	houses/Без_имени.jpg
2	ЖК 2	ЖК 2ЖК 2	houses/Без_имени_vrJeDTD.jpg
\.


--
-- Data for Name: building_housestaff; Type: TABLE DATA; Schema: public; Owner: admin
--

COPY public.building_housestaff (id, role_in_house, house_id, user_id) FROM stdin;
1	Директор	1	1
2	Сантехник	1	3
3	Директор	2	2
4	Сантехник	2	3
\.


--
-- Data for Name: building_personalaccount; Type: TABLE DATA; Schema: public; Owner: admin
--

COPY public.building_personalaccount (id, number, status, balance) FROM stdin;
2	1112	active	0.00
3	1113	active	0.00
1	1111	active	18563.00
\.


--
-- Data for Name: building_section; Type: TABLE DATA; Schema: public; Owner: admin
--

COPY public.building_section (id, name, house_id) FROM stdin;
1	Секция 1	1
2	Секция 1	2
\.


--
-- Data for Name: django_admin_log; Type: TABLE DATA; Schema: public; Owner: admin
--

COPY public.django_admin_log (id, action_time, object_id, object_repr, action_flag, change_message, content_type_id, user_id) FROM stdin;
\.


--
-- Data for Name: django_content_type; Type: TABLE DATA; Schema: public; Owner: admin
--

COPY public.django_content_type (id, app_label, model) FROM stdin;
1	admin	logentry
2	auth	permission
3	auth	group
4	contenttypes	contenttype
5	sessions	session
6	finance	article
7	finance	currency
8	finance	paymentdetails
9	finance	service
10	finance	tariff
11	finance	unit
12	finance	counter
13	finance	counterreading
14	finance	receipt
15	finance	cashbox
16	finance	receiptitem
17	finance	tariffservice
18	finance	printtemplate
19	building	apartment
20	building	floor
21	building	house
22	building	housestaff
23	building	personalaccount
24	building	section
25	users	role
26	users	user
27	users	owner
28	users	message
29	users	messagerecipient
30	users	ticket
31	users	invitation
32	website	document
33	website	gallery
34	website	seoblock
35	website	image
36	website	mainpage
37	website	mainblock
38	website	contactpage
39	website	aboutuspage
40	website	servicepage
41	website	serviceblock
\.


--
-- Data for Name: django_migrations; Type: TABLE DATA; Schema: public; Owner: admin
--

COPY public.django_migrations (id, app, name, applied) FROM stdin;
1	building	0001_initial	2025-12-02 19:09:57.988252+00
2	contenttypes	0001_initial	2025-12-02 19:09:58.007455+00
3	contenttypes	0002_remove_content_type_name	2025-12-02 19:09:58.018936+00
4	auth	0001_initial	2025-12-02 19:09:58.10315+00
5	auth	0002_alter_permission_name_max_length	2025-12-02 19:09:58.110065+00
6	auth	0003_alter_user_email_max_length	2025-12-02 19:09:58.117797+00
7	auth	0004_alter_user_username_opts	2025-12-02 19:09:58.124583+00
8	auth	0005_alter_user_last_login_null	2025-12-02 19:09:58.134103+00
9	auth	0006_require_contenttypes_0002	2025-12-02 19:09:58.1366+00
10	auth	0007_alter_validators_add_error_messages	2025-12-02 19:09:58.144186+00
11	auth	0008_alter_user_username_max_length	2025-12-02 19:09:58.150726+00
12	auth	0009_alter_user_last_name_max_length	2025-12-02 19:09:58.158329+00
13	auth	0010_alter_group_name_max_length	2025-12-02 19:09:58.167763+00
14	auth	0011_update_proxy_permissions	2025-12-02 19:09:58.178002+00
15	auth	0012_alter_user_first_name_max_length	2025-12-02 19:09:58.18471+00
16	users	0001_initial	2025-12-02 19:09:58.434958+00
17	admin	0001_initial	2025-12-02 19:09:58.480656+00
18	admin	0002_logentry_remove_auto_add	2025-12-02 19:09:58.494324+00
19	admin	0003_logentry_add_action_flag_choices	2025-12-02 19:09:58.507535+00
20	finance	0001_initial	2025-12-02 19:09:58.951945+00
21	building	0002_initial	2025-12-02 19:09:59.394852+00
22	finance	0002_receipt_tariff	2025-12-02 19:09:59.433535+00
23	finance	0003_alter_receipt_total_amount	2025-12-02 19:09:59.45288+00
24	finance	0004_alter_tariffservice_service	2025-12-02 19:09:59.481884+00
25	finance	0005_printtemplate	2025-12-02 19:09:59.495886+00
26	finance	0006_alter_receipt_period_start	2025-12-02 19:09:59.514759+00
27	finance	0007_alter_cashbox_options_cashbox_is_posted_and_more	2025-12-02 19:09:59.797344+00
28	finance	0008_alter_cashbox_number	2025-12-02 19:09:59.83279+00
29	sessions	0001_initial	2025-12-02 19:09:59.863929+00
30	users	0002_alter_message_date	2025-12-02 19:09:59.90082+00
31	users	0003_messagerecipient_is_read	2025-12-02 19:09:59.92205+00
32	users	0004_messagerecipient_is_hidden	2025-12-02 19:09:59.941574+00
33	users	0005_alter_ticket_options_ticket_comment_and_more	2025-12-02 19:10:00.19349+00
34	users	0006_invitation	2025-12-02 19:10:00.242136+00
35	website	0001_initial	2025-12-02 19:10:00.463119+00
\.


--
-- Data for Name: django_session; Type: TABLE DATA; Schema: public; Owner: admin
--

COPY public.django_session (session_key, session_data, expire_date) FROM stdin;
kmbtu6vtou0zzwufmrplaxyh7yeibzmd	.eJxVy8sKAjEMheF36VpKE3pRl_ogpWkSKqLCZGY1-O46MAvdfuf8q6ttmUddTKZ6Y3d24A6_Rq3f5bkNNnW_kfndzF8Xm1-Py37560az8Y0IckjKglyinAKqdlAAwBRLLhhiZ6YkKUMi1EwEEDg2aaUoaji69wfCJjSq:1vQWDs:uhqRSa5IG3s514h5iZy0qsMkdTCSblSErozZwlw-4BI	2025-12-16 19:39:40.197079+00
\.


--
-- Data for Name: finance_article; Type: TABLE DATA; Schema: public; Owner: admin
--

COPY public.finance_article (id, name, type) FROM stdin;
1	вода	income
2	вода	expense
3	Оплата квитанции	income
\.


--
-- Data for Name: finance_cashbox; Type: TABLE DATA; Schema: public; Owner: admin
--

COPY public.finance_cashbox (id, amount, date, comment, article_id, personal_account_id, receipt_id, is_posted, manager_id, number) FROM stdin;
1	5000.00	2025-12-02	234	1	1	\N	t	1	0000000001
2	222.00	2025-12-02	22	2	\N	\N	t	1	0000000002
3	13563.00	2025-12-02	Онлайн-оплата квитанции №1	3	1	1	t	\N	0000000003
\.


--
-- Data for Name: finance_counter; Type: TABLE DATA; Schema: public; Owner: admin
--

COPY public.finance_counter (id, serial_number, is_active, apartment_id, service_id) FROM stdin;
1	auto-1-1	t	1	1
2	auto-2-1	t	2	1
3	auto-1-2	t	1	2
4	auto-3-2	t	3	2
\.


--
-- Data for Name: finance_counterreading; Type: TABLE DATA; Schema: public; Owner: admin
--

COPY public.finance_counterreading (id, number, date, value, status, counter_id) FROM stdin;
2	2	2025-12-02	111.000	new	2
4	4	2025-12-02	111.000	new	4
1	1	2025-12-02	1111.000	considered	1
3	3	2025-12-02	111.000	considered	3
\.


--
-- Data for Name: finance_currency; Type: TABLE DATA; Schema: public; Owner: admin
--

COPY public.finance_currency (id, name) FROM stdin;
1	грн
\.


--
-- Data for Name: finance_paymentdetails; Type: TABLE DATA; Schema: public; Owner: admin
--

COPY public.finance_paymentdetails (id, company_name, info) FROM stdin;
1	MyHouse24	MyHouse24MyHouse24
\.


--
-- Data for Name: finance_printtemplate; Type: TABLE DATA; Schema: public; Owner: admin
--

COPY public.finance_printtemplate (id, name, template_file, is_default) FROM stdin;
1	шаблон	receipt_templates/1111.xlsx	t
\.


--
-- Data for Name: finance_receipt; Type: TABLE DATA; Schema: public; Owner: admin
--

COPY public.finance_receipt (id, number, date, is_posted, period_start, period_end, status, total_amount, created_at, apartment_id, tariff_id) FROM stdin;
1	1	2025-12-02	t	2025-12-02	2025-12-02	paid	13563.00	2025-12-02 19:31:43.017247+00	1	3
\.


--
-- Data for Name: finance_receiptitem; Type: TABLE DATA; Schema: public; Owner: admin
--

COPY public.finance_receiptitem (id, amount, consumption, price_per_unit, receipt_id, service_id) FROM stdin;
1	12221.00	1111.000	11.00	1	1
2	1221.00	111.000	11.00	1	2
3	121.00	11.000	11.00	1	3
\.


--
-- Data for Name: finance_service; Type: TABLE DATA; Schema: public; Owner: admin
--

COPY public.finance_service (id, name, show_in_counters, unit_id) FROM stdin;
1	Вода	t	1
2	Электричество	t	2
3	UNIT	t	3
\.


--
-- Data for Name: finance_tariff; Type: TABLE DATA; Schema: public; Owner: admin
--

COPY public.finance_tariff (id, name, description, created_at, updated_at) FROM stdin;
3	Стандарт	Стандарт	2025-12-02 19:27:19.970401+00	2025-12-02 19:27:19.970416+00
\.


--
-- Data for Name: finance_tariffservice; Type: TABLE DATA; Schema: public; Owner: admin
--

COPY public.finance_tariffservice (id, price, currency_id, service_id, tariff_id) FROM stdin;
1	11.00	1	1	3
2	11.00	1	2	3
\.


--
-- Data for Name: finance_unit; Type: TABLE DATA; Schema: public; Owner: admin
--

COPY public.finance_unit (id, name) FROM stdin;
1	m³
2	кВт.ч
3	UNIT
\.


--
-- Data for Name: users_invitation; Type: TABLE DATA; Schema: public; Owner: admin
--

COPY public.users_invitation (id, token, created_at, is_used, user_id) FROM stdin;
\.


--
-- Data for Name: users_message; Type: TABLE DATA; Schema: public; Owner: admin
--

COPY public.users_message (id, title, text, date, sender_id) FROM stdin;
1	11	<p>11</p>	2025-12-02 19:28:54.552293+00	1
\.


--
-- Data for Name: users_messagerecipient; Type: TABLE DATA; Schema: public; Owner: admin
--

COPY public.users_messagerecipient (id, message_id, user_id, is_read, is_hidden) FROM stdin;
2	1	5	f	f
1	1	4	t	f
\.


--
-- Data for Name: users_role; Type: TABLE DATA; Schema: public; Owner: admin
--

COPY public.users_role (id, name, has_statistics, has_cashbox, has_receipt, has_personal_account, has_apartment, has_owner, has_house, has_message, has_ticket, has_counters, has_management, has_service, has_tariff, has_role, has_user, has_payment_details, has_article) FROM stdin;
1	Директор	t	t	t	t	t	t	t	t	t	t	t	t	t	t	t	t	t
2	Управляющий	t	t	t	t	t	t	t	t	t	t	t	t	t	f	t	t	t
3	Бухгалтер	t	t	t	f	f	f	f	t	t	t	f	t	t	f	f	t	t
4	Электрик	f	f	f	f	f	f	f	t	t	f	f	f	f	f	f	f	f
5	Сантехник	f	f	f	f	f	f	f	t	t	f	f	f	f	f	f	f	f
\.


--
-- Data for Name: users_ticket; Type: TABLE DATA; Schema: public; Owner: admin
--

COPY public.users_ticket (id, status, phone, description, date, "time", apartment_id, role_id, user_id, comment, created_at, master_id) FROM stdin;
1	new	owner1	222	2025-12-02	21:34:00	1	5	4	<p>222</p>	2025-12-02 19:34:40.014365+00	3
\.


--
-- Data for Name: users_user; Type: TABLE DATA; Schema: public; Owner: admin
--

COPY public.users_user (id, password, last_login, is_superuser, username, first_name, last_name, email, is_staff, is_active, date_joined, user_id, middle_name, user_type, status, avatar, birthday, description, phone, viber, telegram, role_id) FROM stdin;
2	pbkdf2_sha256$1000000$GxsLiS2pw8vtTFriTlrEdP$2UCLXPoda67ao/c2GM0inkFVvVeP8fuPT31mlAdZ6qI=	\N	f	user1@user1.com	user1	user1	user1@user1.com	t	t	2025-12-02 19:14:23.523307+00	\N		employee	new		\N		user1			1
3	pbkdf2_sha256$1000000$bfT3rZwTnn0q6qN46Tb2tb$rZud66Cwkn0Vl/Or1q/33ILccpr2NpGCnbL49U9YtW0=	\N	f	user2@user2.com	user2	user2	user2@user2.com	t	t	2025-12-02 19:14:47.136249+00	\N		employee	new		\N		user2			5
5	pbkdf2_sha256$1000000$epTRo07P5VRMamvm9Tipho$M1kLhNAAgn9W0dfZ1qoZ584Dw1su0qm/9hw5z6dzwzM=	\N	f	owner2@owner2.com	owner2	owner2	owner2@owner2.com	f	t	2025-12-02 19:28:37.701349+00	owner2	owner2	owner	new	avatars/Без_имени_oBbmuLz.jpg	2025-12-02	owner2owner2	owner2	owner2	owner2	\N
4	pbkdf2_sha256$1000000$NqrWmg3vbR8cAty1jMb0Ae$YMGl9ErP3coKTerWj14NEqXQd6kpq8830HyD/4CN1z0=	2025-12-02 19:39:03.443245+00	f	owner1@owner1.com	owner1	owner1	owner1@owner1.com	f	t	2025-12-02 19:28:12.348552+00	owner1	owner1	owner	new	avatars/Без_имени.jpg	\N	owner1owner1	owner1	owner1	owner1	\N
1	pbkdf2_sha256$1000000$t9QOWibQUDAqQxhe49npRb$LAwnnlZ8xpQi/rgWw+UYlnoh1humj3BCHMqa5OPv2Vk=	2025-12-02 19:39:40.184345+00	t	admin	admin	admin	admin@admin.com	t	t	2025-12-02 19:12:10.853515+00	\N		employee	new		\N		admin			1
7	pbkdf2_sha256$1000000$Pz5yODT8vBD5T2yF1XmhWo$U2P3+UdoJkQkdYLwoiNieDncxaoAgKee6Fssmov+Bxg=	\N	f	sashavipro@gmail.com	sashavipro	sashavipro	sashavipro@gmail.com	f	t	2025-12-02 19:47:33.689869+00	sashavipro	sashavipro	owner	new		\N		1			\N
\.


--
-- Data for Name: users_user_groups; Type: TABLE DATA; Schema: public; Owner: admin
--

COPY public.users_user_groups (id, user_id, group_id) FROM stdin;
1	1	1
2	2	1
3	3	2
\.


--
-- Data for Name: users_user_user_permissions; Type: TABLE DATA; Schema: public; Owner: admin
--

COPY public.users_user_user_permissions (id, user_id, permission_id) FROM stdin;
\.


--
-- Data for Name: website_aboutuspage; Type: TABLE DATA; Schema: public; Owner: admin
--

COPY public.website_aboutuspage (id, title1, description1, image, title2, description2, gallery1_id, gallery2_id, seo_block_id) FROM stdin;
1	О нас	<p>О нас</p>		О нас	<p>О нас</p>	4	5	4
\.


--
-- Data for Name: website_contactpage; Type: TABLE DATA; Schema: public; Owner: admin
--

COPY public.website_contactpage (id, title, description, url, fullname, location, address, phone, email, map, seo_block_id) FROM stdin;
1	Contacts	Contacts	https://avada-media.ua/moydom24/	AVADA-MEDIА	ул. Космонавтов, 32	Малиновский р-н, г. Одесса	+3559459494	info@avada-media.com.ua	<div style="width: 100%"><iframe width="100%" height="600" frameborder="0" scrolling="no" marginheight="0" marginwidth="0" src="https://maps.google.com/maps?width=100%25&amp;height=600&amp;hl=en&amp;q=Odessa%20Ukraine%20Avada%20Media+(My%20Business%20Name)&amp;t=&amp;z=14&amp;ie=UTF8&amp;iwloc=B&amp;output=embed"><a href="https://www.maps.ie/distance-area-calculator.html">measure acres/hectares on map</a></iframe></div>	9
\.


--
-- Data for Name: website_document; Type: TABLE DATA; Schema: public; Owner: admin
--

COPY public.website_document (id, name, document) FROM stdin;
1	Document	documents/Без_имени.jpg
\.


--
-- Data for Name: website_gallery; Type: TABLE DATA; Schema: public; Owner: admin
--

COPY public.website_gallery (id, name) FROM stdin;
1	Home Page Slider
2	Home Page Slider
3	Home Page Slider
4	Gallery 1 'About us'
5	Gallery 2 'About us'
\.


--
-- Data for Name: website_image; Type: TABLE DATA; Schema: public; Owner: admin
--

COPY public.website_image (id, image, gallery_id) FROM stdin;
2		1
3		1
1	gallery_images/Без_имени.jpg	1
4	gallery_images/Без_имени_QsN9U1w.jpg	4
5	gallery_images/Без_имени_UvXCli3.jpg	5
\.


--
-- Data for Name: website_mainblock; Type: TABLE DATA; Schema: public; Owner: admin
--

COPY public.website_mainblock (id, image, title, description, main_page_id) FROM stdin;
2		Block 2		1
3		Block 3		1
4		Block 4		1
5		Block 5		1
6		Block 6		1
1	main_page/blocks/Без_имени.jpg	Block 1	<p>Home Page</p>	1
\.


--
-- Data for Name: website_mainpage; Type: TABLE DATA; Schema: public; Owner: admin
--

COPY public.website_mainpage (id, title, description, is_show_apps, gallery_id, seo_block_id) FROM stdin;
1	Home Page	<p>Home Page</p>	t	1	1
\.


--
-- Data for Name: website_seoblock; Type: TABLE DATA; Schema: public; Owner: admin
--

COPY public.website_seoblock (id, title, description, keywords) FROM stdin;
2	Home Page
1	Home Page	Home Page	Home Page
3	Home Page
5	About us
4	About us	About us	About us
6	About us
8	Услуги
10	Услуги
7	Услуги	Услуги	Услуги
11	Услуги
12	Contacts
13	Contacts
9	Contacts	Contacts	Contacts
14	Contacts
\.


--
-- Data for Name: website_serviceblock; Type: TABLE DATA; Schema: public; Owner: admin
--

COPY public.website_serviceblock (id, image, title, description, service_page_id) FROM stdin;
1	services/service_block/Без_имени.jpg	Услуги	<p>Услуги</p>	1
\.


--
-- Data for Name: website_servicepage; Type: TABLE DATA; Schema: public; Owner: admin
--

COPY public.website_servicepage (id, seo_block_id) FROM stdin;
1	7
\.


--
-- Name: auth_group_id_seq; Type: SEQUENCE SET; Schema: public; Owner: admin
--

SELECT pg_catalog.setval('public.auth_group_id_seq', 2, true);


--
-- Name: auth_group_permissions_id_seq; Type: SEQUENCE SET; Schema: public; Owner: admin
--

SELECT pg_catalog.setval('public.auth_group_permissions_id_seq', 1, false);


--
-- Name: auth_permission_id_seq; Type: SEQUENCE SET; Schema: public; Owner: admin
--

SELECT pg_catalog.setval('public.auth_permission_id_seq', 164, true);


--
-- Name: building_apartment_id_seq; Type: SEQUENCE SET; Schema: public; Owner: admin
--

SELECT pg_catalog.setval('public.building_apartment_id_seq', 3, true);


--
-- Name: building_floor_id_seq; Type: SEQUENCE SET; Schema: public; Owner: admin
--

SELECT pg_catalog.setval('public.building_floor_id_seq', 2, true);


--
-- Name: building_house_id_seq; Type: SEQUENCE SET; Schema: public; Owner: admin
--

SELECT pg_catalog.setval('public.building_house_id_seq', 2, true);


--
-- Name: building_housestaff_id_seq; Type: SEQUENCE SET; Schema: public; Owner: admin
--

SELECT pg_catalog.setval('public.building_housestaff_id_seq', 4, true);


--
-- Name: building_personalaccount_id_seq; Type: SEQUENCE SET; Schema: public; Owner: admin
--

SELECT pg_catalog.setval('public.building_personalaccount_id_seq', 3, true);


--
-- Name: building_section_id_seq; Type: SEQUENCE SET; Schema: public; Owner: admin
--

SELECT pg_catalog.setval('public.building_section_id_seq', 2, true);


--
-- Name: django_admin_log_id_seq; Type: SEQUENCE SET; Schema: public; Owner: admin
--

SELECT pg_catalog.setval('public.django_admin_log_id_seq', 1, false);


--
-- Name: django_content_type_id_seq; Type: SEQUENCE SET; Schema: public; Owner: admin
--

SELECT pg_catalog.setval('public.django_content_type_id_seq', 41, true);


--
-- Name: django_migrations_id_seq; Type: SEQUENCE SET; Schema: public; Owner: admin
--

SELECT pg_catalog.setval('public.django_migrations_id_seq', 35, true);


--
-- Name: finance_article_id_seq; Type: SEQUENCE SET; Schema: public; Owner: admin
--

SELECT pg_catalog.setval('public.finance_article_id_seq', 3, true);


--
-- Name: finance_cashbox_id_seq; Type: SEQUENCE SET; Schema: public; Owner: admin
--

SELECT pg_catalog.setval('public.finance_cashbox_id_seq', 3, true);


--
-- Name: finance_counter_id_seq; Type: SEQUENCE SET; Schema: public; Owner: admin
--

SELECT pg_catalog.setval('public.finance_counter_id_seq', 4, true);


--
-- Name: finance_counterreading_id_seq; Type: SEQUENCE SET; Schema: public; Owner: admin
--

SELECT pg_catalog.setval('public.finance_counterreading_id_seq', 4, true);


--
-- Name: finance_currency_id_seq; Type: SEQUENCE SET; Schema: public; Owner: admin
--

SELECT pg_catalog.setval('public.finance_currency_id_seq', 1, true);


--
-- Name: finance_paymentdetails_id_seq; Type: SEQUENCE SET; Schema: public; Owner: admin
--

SELECT pg_catalog.setval('public.finance_paymentdetails_id_seq', 1, false);


--
-- Name: finance_printtemplate_id_seq; Type: SEQUENCE SET; Schema: public; Owner: admin
--

SELECT pg_catalog.setval('public.finance_printtemplate_id_seq', 1, true);


--
-- Name: finance_receipt_id_seq; Type: SEQUENCE SET; Schema: public; Owner: admin
--

SELECT pg_catalog.setval('public.finance_receipt_id_seq', 1, true);


--
-- Name: finance_receiptitem_id_seq; Type: SEQUENCE SET; Schema: public; Owner: admin
--

SELECT pg_catalog.setval('public.finance_receiptitem_id_seq', 3, true);


--
-- Name: finance_service_id_seq; Type: SEQUENCE SET; Schema: public; Owner: admin
--

SELECT pg_catalog.setval('public.finance_service_id_seq', 3, true);


--
-- Name: finance_tariff_id_seq; Type: SEQUENCE SET; Schema: public; Owner: admin
--

SELECT pg_catalog.setval('public.finance_tariff_id_seq', 3, true);


--
-- Name: finance_tariffservice_id_seq; Type: SEQUENCE SET; Schema: public; Owner: admin
--

SELECT pg_catalog.setval('public.finance_tariffservice_id_seq', 2, true);


--
-- Name: finance_unit_id_seq; Type: SEQUENCE SET; Schema: public; Owner: admin
--

SELECT pg_catalog.setval('public.finance_unit_id_seq', 3, true);


--
-- Name: users_invitation_id_seq; Type: SEQUENCE SET; Schema: public; Owner: admin
--

SELECT pg_catalog.setval('public.users_invitation_id_seq', 1, true);


--
-- Name: users_message_id_seq; Type: SEQUENCE SET; Schema: public; Owner: admin
--

SELECT pg_catalog.setval('public.users_message_id_seq', 1, true);


--
-- Name: users_messagerecipient_id_seq; Type: SEQUENCE SET; Schema: public; Owner: admin
--

SELECT pg_catalog.setval('public.users_messagerecipient_id_seq', 2, true);


--
-- Name: users_role_id_seq; Type: SEQUENCE SET; Schema: public; Owner: admin
--

SELECT pg_catalog.setval('public.users_role_id_seq', 5, true);


--
-- Name: users_ticket_id_seq; Type: SEQUENCE SET; Schema: public; Owner: admin
--

SELECT pg_catalog.setval('public.users_ticket_id_seq', 1, true);


--
-- Name: users_user_groups_id_seq; Type: SEQUENCE SET; Schema: public; Owner: admin
--

SELECT pg_catalog.setval('public.users_user_groups_id_seq', 3, true);


--
-- Name: users_user_id_seq; Type: SEQUENCE SET; Schema: public; Owner: admin
--

SELECT pg_catalog.setval('public.users_user_id_seq', 7, true);


--
-- Name: users_user_user_permissions_id_seq; Type: SEQUENCE SET; Schema: public; Owner: admin
--

SELECT pg_catalog.setval('public.users_user_user_permissions_id_seq', 1, false);


--
-- Name: website_aboutuspage_id_seq; Type: SEQUENCE SET; Schema: public; Owner: admin
--

SELECT pg_catalog.setval('public.website_aboutuspage_id_seq', 1, false);


--
-- Name: website_contactpage_id_seq; Type: SEQUENCE SET; Schema: public; Owner: admin
--

SELECT pg_catalog.setval('public.website_contactpage_id_seq', 1, false);


--
-- Name: website_document_id_seq; Type: SEQUENCE SET; Schema: public; Owner: admin
--

SELECT pg_catalog.setval('public.website_document_id_seq', 1, true);


--
-- Name: website_gallery_id_seq; Type: SEQUENCE SET; Schema: public; Owner: admin
--

SELECT pg_catalog.setval('public.website_gallery_id_seq', 5, true);


--
-- Name: website_image_id_seq; Type: SEQUENCE SET; Schema: public; Owner: admin
--

SELECT pg_catalog.setval('public.website_image_id_seq', 5, true);


--
-- Name: website_mainblock_id_seq; Type: SEQUENCE SET; Schema: public; Owner: admin
--

SELECT pg_catalog.setval('public.website_mainblock_id_seq', 6, true);


--
-- Name: website_mainpage_id_seq; Type: SEQUENCE SET; Schema: public; Owner: admin
--

SELECT pg_catalog.setval('public.website_mainpage_id_seq', 1, false);


--
-- Name: website_seoblock_id_seq; Type: SEQUENCE SET; Schema: public; Owner: admin
--

SELECT pg_catalog.setval('public.website_seoblock_id_seq', 14, true);


--
-- Name: website_serviceblock_id_seq; Type: SEQUENCE SET; Schema: public; Owner: admin
--

SELECT pg_catalog.setval('public.website_serviceblock_id_seq', 1, true);


--
-- Name: website_servicepage_id_seq; Type: SEQUENCE SET; Schema: public; Owner: admin
--

SELECT pg_catalog.setval('public.website_servicepage_id_seq', 1, false);


--
-- Name: auth_group auth_group_name_key; Type: CONSTRAINT; Schema: public; Owner: admin
--

ALTER TABLE ONLY public.auth_group
    ADD CONSTRAINT auth_group_name_key UNIQUE (name);


--
-- Name: auth_group_permissions auth_group_permissions_group_id_permission_id_0cd325b0_uniq; Type: CONSTRAINT; Schema: public; Owner: admin
--

ALTER TABLE ONLY public.auth_group_permissions
    ADD CONSTRAINT auth_group_permissions_group_id_permission_id_0cd325b0_uniq UNIQUE (group_id, permission_id);


--
-- Name: auth_group_permissions auth_group_permissions_pkey; Type: CONSTRAINT; Schema: public; Owner: admin
--

ALTER TABLE ONLY public.auth_group_permissions
    ADD CONSTRAINT auth_group_permissions_pkey PRIMARY KEY (id);


--
-- Name: auth_group auth_group_pkey; Type: CONSTRAINT; Schema: public; Owner: admin
--

ALTER TABLE ONLY public.auth_group
    ADD CONSTRAINT auth_group_pkey PRIMARY KEY (id);


--
-- Name: auth_permission auth_permission_content_type_id_codename_01ab375a_uniq; Type: CONSTRAINT; Schema: public; Owner: admin
--

ALTER TABLE ONLY public.auth_permission
    ADD CONSTRAINT auth_permission_content_type_id_codename_01ab375a_uniq UNIQUE (content_type_id, codename);


--
-- Name: auth_permission auth_permission_pkey; Type: CONSTRAINT; Schema: public; Owner: admin
--

ALTER TABLE ONLY public.auth_permission
    ADD CONSTRAINT auth_permission_pkey PRIMARY KEY (id);


--
-- Name: building_apartment building_apartment_house_id_number_3b6d449e_uniq; Type: CONSTRAINT; Schema: public; Owner: admin
--

ALTER TABLE ONLY public.building_apartment
    ADD CONSTRAINT building_apartment_house_id_number_3b6d449e_uniq UNIQUE (house_id, number);


--
-- Name: building_apartment building_apartment_personal_account_id_key; Type: CONSTRAINT; Schema: public; Owner: admin
--

ALTER TABLE ONLY public.building_apartment
    ADD CONSTRAINT building_apartment_personal_account_id_key UNIQUE (personal_account_id);


--
-- Name: building_apartment building_apartment_pkey; Type: CONSTRAINT; Schema: public; Owner: admin
--

ALTER TABLE ONLY public.building_apartment
    ADD CONSTRAINT building_apartment_pkey PRIMARY KEY (id);


--
-- Name: building_floor building_floor_pkey; Type: CONSTRAINT; Schema: public; Owner: admin
--

ALTER TABLE ONLY public.building_floor
    ADD CONSTRAINT building_floor_pkey PRIMARY KEY (id);


--
-- Name: building_house building_house_pkey; Type: CONSTRAINT; Schema: public; Owner: admin
--

ALTER TABLE ONLY public.building_house
    ADD CONSTRAINT building_house_pkey PRIMARY KEY (id);


--
-- Name: building_housestaff building_housestaff_house_id_user_id_e3a3d5dc_uniq; Type: CONSTRAINT; Schema: public; Owner: admin
--

ALTER TABLE ONLY public.building_housestaff
    ADD CONSTRAINT building_housestaff_house_id_user_id_e3a3d5dc_uniq UNIQUE (house_id, user_id);


--
-- Name: building_housestaff building_housestaff_pkey; Type: CONSTRAINT; Schema: public; Owner: admin
--

ALTER TABLE ONLY public.building_housestaff
    ADD CONSTRAINT building_housestaff_pkey PRIMARY KEY (id);


--
-- Name: building_personalaccount building_personalaccount_number_key; Type: CONSTRAINT; Schema: public; Owner: admin
--

ALTER TABLE ONLY public.building_personalaccount
    ADD CONSTRAINT building_personalaccount_number_key UNIQUE (number);


--
-- Name: building_personalaccount building_personalaccount_pkey; Type: CONSTRAINT; Schema: public; Owner: admin
--

ALTER TABLE ONLY public.building_personalaccount
    ADD CONSTRAINT building_personalaccount_pkey PRIMARY KEY (id);


--
-- Name: building_section building_section_pkey; Type: CONSTRAINT; Schema: public; Owner: admin
--

ALTER TABLE ONLY public.building_section
    ADD CONSTRAINT building_section_pkey PRIMARY KEY (id);


--
-- Name: django_admin_log django_admin_log_pkey; Type: CONSTRAINT; Schema: public; Owner: admin
--

ALTER TABLE ONLY public.django_admin_log
    ADD CONSTRAINT django_admin_log_pkey PRIMARY KEY (id);


--
-- Name: django_content_type django_content_type_app_label_model_76bd3d3b_uniq; Type: CONSTRAINT; Schema: public; Owner: admin
--

ALTER TABLE ONLY public.django_content_type
    ADD CONSTRAINT django_content_type_app_label_model_76bd3d3b_uniq UNIQUE (app_label, model);


--
-- Name: django_content_type django_content_type_pkey; Type: CONSTRAINT; Schema: public; Owner: admin
--

ALTER TABLE ONLY public.django_content_type
    ADD CONSTRAINT django_content_type_pkey PRIMARY KEY (id);


--
-- Name: django_migrations django_migrations_pkey; Type: CONSTRAINT; Schema: public; Owner: admin
--

ALTER TABLE ONLY public.django_migrations
    ADD CONSTRAINT django_migrations_pkey PRIMARY KEY (id);


--
-- Name: django_session django_session_pkey; Type: CONSTRAINT; Schema: public; Owner: admin
--

ALTER TABLE ONLY public.django_session
    ADD CONSTRAINT django_session_pkey PRIMARY KEY (session_key);


--
-- Name: finance_article finance_article_pkey; Type: CONSTRAINT; Schema: public; Owner: admin
--

ALTER TABLE ONLY public.finance_article
    ADD CONSTRAINT finance_article_pkey PRIMARY KEY (id);


--
-- Name: finance_cashbox finance_cashbox_number_b310d11d_uniq; Type: CONSTRAINT; Schema: public; Owner: admin
--

ALTER TABLE ONLY public.finance_cashbox
    ADD CONSTRAINT finance_cashbox_number_b310d11d_uniq UNIQUE (number);


--
-- Name: finance_cashbox finance_cashbox_pkey; Type: CONSTRAINT; Schema: public; Owner: admin
--

ALTER TABLE ONLY public.finance_cashbox
    ADD CONSTRAINT finance_cashbox_pkey PRIMARY KEY (id);


--
-- Name: finance_counter finance_counter_pkey; Type: CONSTRAINT; Schema: public; Owner: admin
--

ALTER TABLE ONLY public.finance_counter
    ADD CONSTRAINT finance_counter_pkey PRIMARY KEY (id);


--
-- Name: finance_counter finance_counter_serial_number_key; Type: CONSTRAINT; Schema: public; Owner: admin
--

ALTER TABLE ONLY public.finance_counter
    ADD CONSTRAINT finance_counter_serial_number_key UNIQUE (serial_number);


--
-- Name: finance_counterreading finance_counterreading_number_key; Type: CONSTRAINT; Schema: public; Owner: admin
--

ALTER TABLE ONLY public.finance_counterreading
    ADD CONSTRAINT finance_counterreading_number_key UNIQUE (number);


--
-- Name: finance_counterreading finance_counterreading_pkey; Type: CONSTRAINT; Schema: public; Owner: admin
--

ALTER TABLE ONLY public.finance_counterreading
    ADD CONSTRAINT finance_counterreading_pkey PRIMARY KEY (id);


--
-- Name: finance_currency finance_currency_name_key; Type: CONSTRAINT; Schema: public; Owner: admin
--

ALTER TABLE ONLY public.finance_currency
    ADD CONSTRAINT finance_currency_name_key UNIQUE (name);


--
-- Name: finance_currency finance_currency_pkey; Type: CONSTRAINT; Schema: public; Owner: admin
--

ALTER TABLE ONLY public.finance_currency
    ADD CONSTRAINT finance_currency_pkey PRIMARY KEY (id);


--
-- Name: finance_paymentdetails finance_paymentdetails_pkey; Type: CONSTRAINT; Schema: public; Owner: admin
--

ALTER TABLE ONLY public.finance_paymentdetails
    ADD CONSTRAINT finance_paymentdetails_pkey PRIMARY KEY (id);


--
-- Name: finance_printtemplate finance_printtemplate_pkey; Type: CONSTRAINT; Schema: public; Owner: admin
--

ALTER TABLE ONLY public.finance_printtemplate
    ADD CONSTRAINT finance_printtemplate_pkey PRIMARY KEY (id);


--
-- Name: finance_receipt finance_receipt_number_key; Type: CONSTRAINT; Schema: public; Owner: admin
--

ALTER TABLE ONLY public.finance_receipt
    ADD CONSTRAINT finance_receipt_number_key UNIQUE (number);


--
-- Name: finance_receipt finance_receipt_pkey; Type: CONSTRAINT; Schema: public; Owner: admin
--

ALTER TABLE ONLY public.finance_receipt
    ADD CONSTRAINT finance_receipt_pkey PRIMARY KEY (id);


--
-- Name: finance_receiptitem finance_receiptitem_pkey; Type: CONSTRAINT; Schema: public; Owner: admin
--

ALTER TABLE ONLY public.finance_receiptitem
    ADD CONSTRAINT finance_receiptitem_pkey PRIMARY KEY (id);


--
-- Name: finance_receiptitem finance_receiptitem_receipt_id_service_id_31717ab0_uniq; Type: CONSTRAINT; Schema: public; Owner: admin
--

ALTER TABLE ONLY public.finance_receiptitem
    ADD CONSTRAINT finance_receiptitem_receipt_id_service_id_31717ab0_uniq UNIQUE (receipt_id, service_id);


--
-- Name: finance_service finance_service_name_key; Type: CONSTRAINT; Schema: public; Owner: admin
--

ALTER TABLE ONLY public.finance_service
    ADD CONSTRAINT finance_service_name_key UNIQUE (name);


--
-- Name: finance_service finance_service_pkey; Type: CONSTRAINT; Schema: public; Owner: admin
--

ALTER TABLE ONLY public.finance_service
    ADD CONSTRAINT finance_service_pkey PRIMARY KEY (id);


--
-- Name: finance_tariff finance_tariff_pkey; Type: CONSTRAINT; Schema: public; Owner: admin
--

ALTER TABLE ONLY public.finance_tariff
    ADD CONSTRAINT finance_tariff_pkey PRIMARY KEY (id);


--
-- Name: finance_tariffservice finance_tariffservice_pkey; Type: CONSTRAINT; Schema: public; Owner: admin
--

ALTER TABLE ONLY public.finance_tariffservice
    ADD CONSTRAINT finance_tariffservice_pkey PRIMARY KEY (id);


--
-- Name: finance_tariffservice finance_tariffservice_tariff_id_service_id_8c28b4c6_uniq; Type: CONSTRAINT; Schema: public; Owner: admin
--

ALTER TABLE ONLY public.finance_tariffservice
    ADD CONSTRAINT finance_tariffservice_tariff_id_service_id_8c28b4c6_uniq UNIQUE (tariff_id, service_id);


--
-- Name: finance_unit finance_unit_name_key; Type: CONSTRAINT; Schema: public; Owner: admin
--

ALTER TABLE ONLY public.finance_unit
    ADD CONSTRAINT finance_unit_name_key UNIQUE (name);


--
-- Name: finance_unit finance_unit_pkey; Type: CONSTRAINT; Schema: public; Owner: admin
--

ALTER TABLE ONLY public.finance_unit
    ADD CONSTRAINT finance_unit_pkey PRIMARY KEY (id);


--
-- Name: users_invitation users_invitation_pkey; Type: CONSTRAINT; Schema: public; Owner: admin
--

ALTER TABLE ONLY public.users_invitation
    ADD CONSTRAINT users_invitation_pkey PRIMARY KEY (id);


--
-- Name: users_invitation users_invitation_token_key; Type: CONSTRAINT; Schema: public; Owner: admin
--

ALTER TABLE ONLY public.users_invitation
    ADD CONSTRAINT users_invitation_token_key UNIQUE (token);


--
-- Name: users_invitation users_invitation_user_id_key; Type: CONSTRAINT; Schema: public; Owner: admin
--

ALTER TABLE ONLY public.users_invitation
    ADD CONSTRAINT users_invitation_user_id_key UNIQUE (user_id);


--
-- Name: users_message users_message_pkey; Type: CONSTRAINT; Schema: public; Owner: admin
--

ALTER TABLE ONLY public.users_message
    ADD CONSTRAINT users_message_pkey PRIMARY KEY (id);


--
-- Name: users_messagerecipient users_messagerecipient_message_id_user_id_86016272_uniq; Type: CONSTRAINT; Schema: public; Owner: admin
--

ALTER TABLE ONLY public.users_messagerecipient
    ADD CONSTRAINT users_messagerecipient_message_id_user_id_86016272_uniq UNIQUE (message_id, user_id);


--
-- Name: users_messagerecipient users_messagerecipient_pkey; Type: CONSTRAINT; Schema: public; Owner: admin
--

ALTER TABLE ONLY public.users_messagerecipient
    ADD CONSTRAINT users_messagerecipient_pkey PRIMARY KEY (id);


--
-- Name: users_role users_role_name_key; Type: CONSTRAINT; Schema: public; Owner: admin
--

ALTER TABLE ONLY public.users_role
    ADD CONSTRAINT users_role_name_key UNIQUE (name);


--
-- Name: users_role users_role_pkey; Type: CONSTRAINT; Schema: public; Owner: admin
--

ALTER TABLE ONLY public.users_role
    ADD CONSTRAINT users_role_pkey PRIMARY KEY (id);


--
-- Name: users_ticket users_ticket_pkey; Type: CONSTRAINT; Schema: public; Owner: admin
--

ALTER TABLE ONLY public.users_ticket
    ADD CONSTRAINT users_ticket_pkey PRIMARY KEY (id);


--
-- Name: users_user_groups users_user_groups_pkey; Type: CONSTRAINT; Schema: public; Owner: admin
--

ALTER TABLE ONLY public.users_user_groups
    ADD CONSTRAINT users_user_groups_pkey PRIMARY KEY (id);


--
-- Name: users_user_groups users_user_groups_user_id_group_id_b88eab82_uniq; Type: CONSTRAINT; Schema: public; Owner: admin
--

ALTER TABLE ONLY public.users_user_groups
    ADD CONSTRAINT users_user_groups_user_id_group_id_b88eab82_uniq UNIQUE (user_id, group_id);


--
-- Name: users_user users_user_pkey; Type: CONSTRAINT; Schema: public; Owner: admin
--

ALTER TABLE ONLY public.users_user
    ADD CONSTRAINT users_user_pkey PRIMARY KEY (id);


--
-- Name: users_user users_user_user_id_key; Type: CONSTRAINT; Schema: public; Owner: admin
--

ALTER TABLE ONLY public.users_user
    ADD CONSTRAINT users_user_user_id_key UNIQUE (user_id);


--
-- Name: users_user_user_permissions users_user_user_permissions_pkey; Type: CONSTRAINT; Schema: public; Owner: admin
--

ALTER TABLE ONLY public.users_user_user_permissions
    ADD CONSTRAINT users_user_user_permissions_pkey PRIMARY KEY (id);


--
-- Name: users_user_user_permissions users_user_user_permissions_user_id_permission_id_43338c45_uniq; Type: CONSTRAINT; Schema: public; Owner: admin
--

ALTER TABLE ONLY public.users_user_user_permissions
    ADD CONSTRAINT users_user_user_permissions_user_id_permission_id_43338c45_uniq UNIQUE (user_id, permission_id);


--
-- Name: users_user users_user_username_key; Type: CONSTRAINT; Schema: public; Owner: admin
--

ALTER TABLE ONLY public.users_user
    ADD CONSTRAINT users_user_username_key UNIQUE (username);


--
-- Name: website_aboutuspage website_aboutuspage_gallery1_id_key; Type: CONSTRAINT; Schema: public; Owner: admin
--

ALTER TABLE ONLY public.website_aboutuspage
    ADD CONSTRAINT website_aboutuspage_gallery1_id_key UNIQUE (gallery1_id);


--
-- Name: website_aboutuspage website_aboutuspage_gallery2_id_key; Type: CONSTRAINT; Schema: public; Owner: admin
--

ALTER TABLE ONLY public.website_aboutuspage
    ADD CONSTRAINT website_aboutuspage_gallery2_id_key UNIQUE (gallery2_id);


--
-- Name: website_aboutuspage website_aboutuspage_pkey; Type: CONSTRAINT; Schema: public; Owner: admin
--

ALTER TABLE ONLY public.website_aboutuspage
    ADD CONSTRAINT website_aboutuspage_pkey PRIMARY KEY (id);


--
-- Name: website_aboutuspage website_aboutuspage_seo_block_id_key; Type: CONSTRAINT; Schema: public; Owner: admin
--

ALTER TABLE ONLY public.website_aboutuspage
    ADD CONSTRAINT website_aboutuspage_seo_block_id_key UNIQUE (seo_block_id);


--
-- Name: website_contactpage website_contactpage_pkey; Type: CONSTRAINT; Schema: public; Owner: admin
--

ALTER TABLE ONLY public.website_contactpage
    ADD CONSTRAINT website_contactpage_pkey PRIMARY KEY (id);


--
-- Name: website_contactpage website_contactpage_seo_block_id_key; Type: CONSTRAINT; Schema: public; Owner: admin
--

ALTER TABLE ONLY public.website_contactpage
    ADD CONSTRAINT website_contactpage_seo_block_id_key UNIQUE (seo_block_id);


--
-- Name: website_document website_document_pkey; Type: CONSTRAINT; Schema: public; Owner: admin
--

ALTER TABLE ONLY public.website_document
    ADD CONSTRAINT website_document_pkey PRIMARY KEY (id);


--
-- Name: website_gallery website_gallery_pkey; Type: CONSTRAINT; Schema: public; Owner: admin
--

ALTER TABLE ONLY public.website_gallery
    ADD CONSTRAINT website_gallery_pkey PRIMARY KEY (id);


--
-- Name: website_image website_image_pkey; Type: CONSTRAINT; Schema: public; Owner: admin
--

ALTER TABLE ONLY public.website_image
    ADD CONSTRAINT website_image_pkey PRIMARY KEY (id);


--
-- Name: website_mainblock website_mainblock_pkey; Type: CONSTRAINT; Schema: public; Owner: admin
--

ALTER TABLE ONLY public.website_mainblock
    ADD CONSTRAINT website_mainblock_pkey PRIMARY KEY (id);


--
-- Name: website_mainpage website_mainpage_gallery_id_key; Type: CONSTRAINT; Schema: public; Owner: admin
--

ALTER TABLE ONLY public.website_mainpage
    ADD CONSTRAINT website_mainpage_gallery_id_key UNIQUE (gallery_id);


--
-- Name: website_mainpage website_mainpage_pkey; Type: CONSTRAINT; Schema: public; Owner: admin
--

ALTER TABLE ONLY public.website_mainpage
    ADD CONSTRAINT website_mainpage_pkey PRIMARY KEY (id);


--
-- Name: website_mainpage website_mainpage_seo_block_id_key; Type: CONSTRAINT; Schema: public; Owner: admin
--

ALTER TABLE ONLY public.website_mainpage
    ADD CONSTRAINT website_mainpage_seo_block_id_key UNIQUE (seo_block_id);


--
-- Name: website_seoblock website_seoblock_pkey; Type: CONSTRAINT; Schema: public; Owner: admin
--

ALTER TABLE ONLY public.website_seoblock
    ADD CONSTRAINT website_seoblock_pkey PRIMARY KEY (id);


--
-- Name: website_serviceblock website_serviceblock_pkey; Type: CONSTRAINT; Schema: public; Owner: admin
--

ALTER TABLE ONLY public.website_serviceblock
    ADD CONSTRAINT website_serviceblock_pkey PRIMARY KEY (id);


--
-- Name: website_servicepage website_servicepage_pkey; Type: CONSTRAINT; Schema: public; Owner: admin
--

ALTER TABLE ONLY public.website_servicepage
    ADD CONSTRAINT website_servicepage_pkey PRIMARY KEY (id);


--
-- Name: website_servicepage website_servicepage_seo_block_id_key; Type: CONSTRAINT; Schema: public; Owner: admin
--

ALTER TABLE ONLY public.website_servicepage
    ADD CONSTRAINT website_servicepage_seo_block_id_key UNIQUE (seo_block_id);


--
-- Name: auth_group_name_a6ea08ec_like; Type: INDEX; Schema: public; Owner: admin
--

CREATE INDEX auth_group_name_a6ea08ec_like ON public.auth_group USING btree (name varchar_pattern_ops);


--
-- Name: auth_group_permissions_group_id_b120cbf9; Type: INDEX; Schema: public; Owner: admin
--

CREATE INDEX auth_group_permissions_group_id_b120cbf9 ON public.auth_group_permissions USING btree (group_id);


--
-- Name: auth_group_permissions_permission_id_84c5c92e; Type: INDEX; Schema: public; Owner: admin
--

CREATE INDEX auth_group_permissions_permission_id_84c5c92e ON public.auth_group_permissions USING btree (permission_id);


--
-- Name: auth_permission_content_type_id_2f476e4b; Type: INDEX; Schema: public; Owner: admin
--

CREATE INDEX auth_permission_content_type_id_2f476e4b ON public.auth_permission USING btree (content_type_id);


--
-- Name: building_apartment_floor_id_baa4625c; Type: INDEX; Schema: public; Owner: admin
--

CREATE INDEX building_apartment_floor_id_baa4625c ON public.building_apartment USING btree (floor_id);


--
-- Name: building_apartment_house_id_9fe67ca5; Type: INDEX; Schema: public; Owner: admin
--

CREATE INDEX building_apartment_house_id_9fe67ca5 ON public.building_apartment USING btree (house_id);


--
-- Name: building_apartment_owner_id_d23a066e; Type: INDEX; Schema: public; Owner: admin
--

CREATE INDEX building_apartment_owner_id_d23a066e ON public.building_apartment USING btree (owner_id);


--
-- Name: building_apartment_section_id_614a9436; Type: INDEX; Schema: public; Owner: admin
--

CREATE INDEX building_apartment_section_id_614a9436 ON public.building_apartment USING btree (section_id);


--
-- Name: building_apartment_tariff_id_69fa4c41; Type: INDEX; Schema: public; Owner: admin
--

CREATE INDEX building_apartment_tariff_id_69fa4c41 ON public.building_apartment USING btree (tariff_id);


--
-- Name: building_floor_house_id_e77b8ffa; Type: INDEX; Schema: public; Owner: admin
--

CREATE INDEX building_floor_house_id_e77b8ffa ON public.building_floor USING btree (house_id);


--
-- Name: building_housestaff_house_id_53aa17fe; Type: INDEX; Schema: public; Owner: admin
--

CREATE INDEX building_housestaff_house_id_53aa17fe ON public.building_housestaff USING btree (house_id);


--
-- Name: building_housestaff_user_id_02c2ed2e; Type: INDEX; Schema: public; Owner: admin
--

CREATE INDEX building_housestaff_user_id_02c2ed2e ON public.building_housestaff USING btree (user_id);


--
-- Name: building_personalaccount_number_0a041963_like; Type: INDEX; Schema: public; Owner: admin
--

CREATE INDEX building_personalaccount_number_0a041963_like ON public.building_personalaccount USING btree (number varchar_pattern_ops);


--
-- Name: building_section_house_id_f9f4e052; Type: INDEX; Schema: public; Owner: admin
--

CREATE INDEX building_section_house_id_f9f4e052 ON public.building_section USING btree (house_id);


--
-- Name: django_admin_log_content_type_id_c4bce8eb; Type: INDEX; Schema: public; Owner: admin
--

CREATE INDEX django_admin_log_content_type_id_c4bce8eb ON public.django_admin_log USING btree (content_type_id);


--
-- Name: django_admin_log_user_id_c564eba6; Type: INDEX; Schema: public; Owner: admin
--

CREATE INDEX django_admin_log_user_id_c564eba6 ON public.django_admin_log USING btree (user_id);


--
-- Name: django_session_expire_date_a5c62663; Type: INDEX; Schema: public; Owner: admin
--

CREATE INDEX django_session_expire_date_a5c62663 ON public.django_session USING btree (expire_date);


--
-- Name: django_session_session_key_c0390e0f_like; Type: INDEX; Schema: public; Owner: admin
--

CREATE INDEX django_session_session_key_c0390e0f_like ON public.django_session USING btree (session_key varchar_pattern_ops);


--
-- Name: finance_cashbox_article_id_2e15dc33; Type: INDEX; Schema: public; Owner: admin
--

CREATE INDEX finance_cashbox_article_id_2e15dc33 ON public.finance_cashbox USING btree (article_id);


--
-- Name: finance_cashbox_manager_id_67d9219a; Type: INDEX; Schema: public; Owner: admin
--

CREATE INDEX finance_cashbox_manager_id_67d9219a ON public.finance_cashbox USING btree (manager_id);


--
-- Name: finance_cashbox_number_b310d11d_like; Type: INDEX; Schema: public; Owner: admin
--

CREATE INDEX finance_cashbox_number_b310d11d_like ON public.finance_cashbox USING btree (number varchar_pattern_ops);


--
-- Name: finance_cashbox_personal_account_id_0488b286; Type: INDEX; Schema: public; Owner: admin
--

CREATE INDEX finance_cashbox_personal_account_id_0488b286 ON public.finance_cashbox USING btree (personal_account_id);


--
-- Name: finance_cashbox_receipt_id_443b2685; Type: INDEX; Schema: public; Owner: admin
--

CREATE INDEX finance_cashbox_receipt_id_443b2685 ON public.finance_cashbox USING btree (receipt_id);


--
-- Name: finance_counter_apartment_id_43501d44; Type: INDEX; Schema: public; Owner: admin
--

CREATE INDEX finance_counter_apartment_id_43501d44 ON public.finance_counter USING btree (apartment_id);


--
-- Name: finance_counter_serial_number_11126ce8_like; Type: INDEX; Schema: public; Owner: admin
--

CREATE INDEX finance_counter_serial_number_11126ce8_like ON public.finance_counter USING btree (serial_number varchar_pattern_ops);


--
-- Name: finance_counter_service_id_c7d84c00; Type: INDEX; Schema: public; Owner: admin
--

CREATE INDEX finance_counter_service_id_c7d84c00 ON public.finance_counter USING btree (service_id);


--
-- Name: finance_counterreading_counter_id_934b9b88; Type: INDEX; Schema: public; Owner: admin
--

CREATE INDEX finance_counterreading_counter_id_934b9b88 ON public.finance_counterreading USING btree (counter_id);


--
-- Name: finance_counterreading_number_6b1ff325_like; Type: INDEX; Schema: public; Owner: admin
--

CREATE INDEX finance_counterreading_number_6b1ff325_like ON public.finance_counterreading USING btree (number varchar_pattern_ops);


--
-- Name: finance_currency_name_24513ba4_like; Type: INDEX; Schema: public; Owner: admin
--

CREATE INDEX finance_currency_name_24513ba4_like ON public.finance_currency USING btree (name varchar_pattern_ops);


--
-- Name: finance_receipt_apartment_id_40aba459; Type: INDEX; Schema: public; Owner: admin
--

CREATE INDEX finance_receipt_apartment_id_40aba459 ON public.finance_receipt USING btree (apartment_id);


--
-- Name: finance_receipt_number_a405a4aa_like; Type: INDEX; Schema: public; Owner: admin
--

CREATE INDEX finance_receipt_number_a405a4aa_like ON public.finance_receipt USING btree (number varchar_pattern_ops);


--
-- Name: finance_receipt_tariff_id_65d84927; Type: INDEX; Schema: public; Owner: admin
--

CREATE INDEX finance_receipt_tariff_id_65d84927 ON public.finance_receipt USING btree (tariff_id);


--
-- Name: finance_receiptitem_receipt_id_aba49f36; Type: INDEX; Schema: public; Owner: admin
--

CREATE INDEX finance_receiptitem_receipt_id_aba49f36 ON public.finance_receiptitem USING btree (receipt_id);


--
-- Name: finance_receiptitem_service_id_8491373a; Type: INDEX; Schema: public; Owner: admin
--

CREATE INDEX finance_receiptitem_service_id_8491373a ON public.finance_receiptitem USING btree (service_id);


--
-- Name: finance_service_name_bd3324db_like; Type: INDEX; Schema: public; Owner: admin
--

CREATE INDEX finance_service_name_bd3324db_like ON public.finance_service USING btree (name varchar_pattern_ops);


--
-- Name: finance_service_unit_id_184196ca; Type: INDEX; Schema: public; Owner: admin
--

CREATE INDEX finance_service_unit_id_184196ca ON public.finance_service USING btree (unit_id);


--
-- Name: finance_tariffservice_currency_id_9311c6b8; Type: INDEX; Schema: public; Owner: admin
--

CREATE INDEX finance_tariffservice_currency_id_9311c6b8 ON public.finance_tariffservice USING btree (currency_id);


--
-- Name: finance_tariffservice_service_id_bd302fc4; Type: INDEX; Schema: public; Owner: admin
--

CREATE INDEX finance_tariffservice_service_id_bd302fc4 ON public.finance_tariffservice USING btree (service_id);


--
-- Name: finance_tariffservice_tariff_id_6f2b7432; Type: INDEX; Schema: public; Owner: admin
--

CREATE INDEX finance_tariffservice_tariff_id_6f2b7432 ON public.finance_tariffservice USING btree (tariff_id);


--
-- Name: finance_unit_name_bc741357_like; Type: INDEX; Schema: public; Owner: admin
--

CREATE INDEX finance_unit_name_bc741357_like ON public.finance_unit USING btree (name varchar_pattern_ops);


--
-- Name: users_message_sender_id_d1e3d44e; Type: INDEX; Schema: public; Owner: admin
--

CREATE INDEX users_message_sender_id_d1e3d44e ON public.users_message USING btree (sender_id);


--
-- Name: users_messagerecipient_message_id_98132c5f; Type: INDEX; Schema: public; Owner: admin
--

CREATE INDEX users_messagerecipient_message_id_98132c5f ON public.users_messagerecipient USING btree (message_id);


--
-- Name: users_messagerecipient_user_id_e1db9bc9; Type: INDEX; Schema: public; Owner: admin
--

CREATE INDEX users_messagerecipient_user_id_e1db9bc9 ON public.users_messagerecipient USING btree (user_id);


--
-- Name: users_role_name_86bbd537_like; Type: INDEX; Schema: public; Owner: admin
--

CREATE INDEX users_role_name_86bbd537_like ON public.users_role USING btree (name varchar_pattern_ops);


--
-- Name: users_ticket_apartment_id_ca19f243; Type: INDEX; Schema: public; Owner: admin
--

CREATE INDEX users_ticket_apartment_id_ca19f243 ON public.users_ticket USING btree (apartment_id);


--
-- Name: users_ticket_master_id_04be4ae4; Type: INDEX; Schema: public; Owner: admin
--

CREATE INDEX users_ticket_master_id_04be4ae4 ON public.users_ticket USING btree (master_id);


--
-- Name: users_ticket_role_id_e89e09d1; Type: INDEX; Schema: public; Owner: admin
--

CREATE INDEX users_ticket_role_id_e89e09d1 ON public.users_ticket USING btree (role_id);


--
-- Name: users_ticket_user_id_50aca908; Type: INDEX; Schema: public; Owner: admin
--

CREATE INDEX users_ticket_user_id_50aca908 ON public.users_ticket USING btree (user_id);


--
-- Name: users_user_groups_group_id_9afc8d0e; Type: INDEX; Schema: public; Owner: admin
--

CREATE INDEX users_user_groups_group_id_9afc8d0e ON public.users_user_groups USING btree (group_id);


--
-- Name: users_user_groups_user_id_5f6f5a90; Type: INDEX; Schema: public; Owner: admin
--

CREATE INDEX users_user_groups_user_id_5f6f5a90 ON public.users_user_groups USING btree (user_id);


--
-- Name: users_user_role_id_854f2687; Type: INDEX; Schema: public; Owner: admin
--

CREATE INDEX users_user_role_id_854f2687 ON public.users_user USING btree (role_id);


--
-- Name: users_user_user_id_4120b7b9_like; Type: INDEX; Schema: public; Owner: admin
--

CREATE INDEX users_user_user_id_4120b7b9_like ON public.users_user USING btree (user_id varchar_pattern_ops);


--
-- Name: users_user_user_permissions_permission_id_0b93982e; Type: INDEX; Schema: public; Owner: admin
--

CREATE INDEX users_user_user_permissions_permission_id_0b93982e ON public.users_user_user_permissions USING btree (permission_id);


--
-- Name: users_user_user_permissions_user_id_20aca447; Type: INDEX; Schema: public; Owner: admin
--

CREATE INDEX users_user_user_permissions_user_id_20aca447 ON public.users_user_user_permissions USING btree (user_id);


--
-- Name: users_user_username_06e46fe6_like; Type: INDEX; Schema: public; Owner: admin
--

CREATE INDEX users_user_username_06e46fe6_like ON public.users_user USING btree (username varchar_pattern_ops);


--
-- Name: website_image_gallery_id_91dc697f; Type: INDEX; Schema: public; Owner: admin
--

CREATE INDEX website_image_gallery_id_91dc697f ON public.website_image USING btree (gallery_id);


--
-- Name: website_mainblock_main_page_id_0e298da7; Type: INDEX; Schema: public; Owner: admin
--

CREATE INDEX website_mainblock_main_page_id_0e298da7 ON public.website_mainblock USING btree (main_page_id);


--
-- Name: website_serviceblock_service_page_id_7c804e96; Type: INDEX; Schema: public; Owner: admin
--

CREATE INDEX website_serviceblock_service_page_id_7c804e96 ON public.website_serviceblock USING btree (service_page_id);


--
-- Name: auth_group_permissions auth_group_permissio_permission_id_84c5c92e_fk_auth_perm; Type: FK CONSTRAINT; Schema: public; Owner: admin
--

ALTER TABLE ONLY public.auth_group_permissions
    ADD CONSTRAINT auth_group_permissio_permission_id_84c5c92e_fk_auth_perm FOREIGN KEY (permission_id) REFERENCES public.auth_permission(id) DEFERRABLE INITIALLY DEFERRED;


--
-- Name: auth_group_permissions auth_group_permissions_group_id_b120cbf9_fk_auth_group_id; Type: FK CONSTRAINT; Schema: public; Owner: admin
--

ALTER TABLE ONLY public.auth_group_permissions
    ADD CONSTRAINT auth_group_permissions_group_id_b120cbf9_fk_auth_group_id FOREIGN KEY (group_id) REFERENCES public.auth_group(id) DEFERRABLE INITIALLY DEFERRED;


--
-- Name: auth_permission auth_permission_content_type_id_2f476e4b_fk_django_co; Type: FK CONSTRAINT; Schema: public; Owner: admin
--

ALTER TABLE ONLY public.auth_permission
    ADD CONSTRAINT auth_permission_content_type_id_2f476e4b_fk_django_co FOREIGN KEY (content_type_id) REFERENCES public.django_content_type(id) DEFERRABLE INITIALLY DEFERRED;


--
-- Name: building_apartment building_apartment_floor_id_baa4625c_fk_building_floor_id; Type: FK CONSTRAINT; Schema: public; Owner: admin
--

ALTER TABLE ONLY public.building_apartment
    ADD CONSTRAINT building_apartment_floor_id_baa4625c_fk_building_floor_id FOREIGN KEY (floor_id) REFERENCES public.building_floor(id) DEFERRABLE INITIALLY DEFERRED;


--
-- Name: building_apartment building_apartment_house_id_9fe67ca5_fk_building_house_id; Type: FK CONSTRAINT; Schema: public; Owner: admin
--

ALTER TABLE ONLY public.building_apartment
    ADD CONSTRAINT building_apartment_house_id_9fe67ca5_fk_building_house_id FOREIGN KEY (house_id) REFERENCES public.building_house(id) DEFERRABLE INITIALLY DEFERRED;


--
-- Name: building_apartment building_apartment_owner_id_d23a066e_fk_users_user_id; Type: FK CONSTRAINT; Schema: public; Owner: admin
--

ALTER TABLE ONLY public.building_apartment
    ADD CONSTRAINT building_apartment_owner_id_d23a066e_fk_users_user_id FOREIGN KEY (owner_id) REFERENCES public.users_user(id) DEFERRABLE INITIALLY DEFERRED;


--
-- Name: building_apartment building_apartment_personal_account_id_7c217087_fk_building_; Type: FK CONSTRAINT; Schema: public; Owner: admin
--

ALTER TABLE ONLY public.building_apartment
    ADD CONSTRAINT building_apartment_personal_account_id_7c217087_fk_building_ FOREIGN KEY (personal_account_id) REFERENCES public.building_personalaccount(id) DEFERRABLE INITIALLY DEFERRED;


--
-- Name: building_apartment building_apartment_section_id_614a9436_fk_building_section_id; Type: FK CONSTRAINT; Schema: public; Owner: admin
--

ALTER TABLE ONLY public.building_apartment
    ADD CONSTRAINT building_apartment_section_id_614a9436_fk_building_section_id FOREIGN KEY (section_id) REFERENCES public.building_section(id) DEFERRABLE INITIALLY DEFERRED;


--
-- Name: building_apartment building_apartment_tariff_id_69fa4c41_fk_finance_tariff_id; Type: FK CONSTRAINT; Schema: public; Owner: admin
--

ALTER TABLE ONLY public.building_apartment
    ADD CONSTRAINT building_apartment_tariff_id_69fa4c41_fk_finance_tariff_id FOREIGN KEY (tariff_id) REFERENCES public.finance_tariff(id) DEFERRABLE INITIALLY DEFERRED;


--
-- Name: building_floor building_floor_house_id_e77b8ffa_fk_building_house_id; Type: FK CONSTRAINT; Schema: public; Owner: admin
--

ALTER TABLE ONLY public.building_floor
    ADD CONSTRAINT building_floor_house_id_e77b8ffa_fk_building_house_id FOREIGN KEY (house_id) REFERENCES public.building_house(id) DEFERRABLE INITIALLY DEFERRED;


--
-- Name: building_housestaff building_housestaff_house_id_53aa17fe_fk_building_house_id; Type: FK CONSTRAINT; Schema: public; Owner: admin
--

ALTER TABLE ONLY public.building_housestaff
    ADD CONSTRAINT building_housestaff_house_id_53aa17fe_fk_building_house_id FOREIGN KEY (house_id) REFERENCES public.building_house(id) DEFERRABLE INITIALLY DEFERRED;


--
-- Name: building_housestaff building_housestaff_user_id_02c2ed2e_fk_users_user_id; Type: FK CONSTRAINT; Schema: public; Owner: admin
--

ALTER TABLE ONLY public.building_housestaff
    ADD CONSTRAINT building_housestaff_user_id_02c2ed2e_fk_users_user_id FOREIGN KEY (user_id) REFERENCES public.users_user(id) DEFERRABLE INITIALLY DEFERRED;


--
-- Name: building_section building_section_house_id_f9f4e052_fk_building_house_id; Type: FK CONSTRAINT; Schema: public; Owner: admin
--

ALTER TABLE ONLY public.building_section
    ADD CONSTRAINT building_section_house_id_f9f4e052_fk_building_house_id FOREIGN KEY (house_id) REFERENCES public.building_house(id) DEFERRABLE INITIALLY DEFERRED;


--
-- Name: django_admin_log django_admin_log_content_type_id_c4bce8eb_fk_django_co; Type: FK CONSTRAINT; Schema: public; Owner: admin
--

ALTER TABLE ONLY public.django_admin_log
    ADD CONSTRAINT django_admin_log_content_type_id_c4bce8eb_fk_django_co FOREIGN KEY (content_type_id) REFERENCES public.django_content_type(id) DEFERRABLE INITIALLY DEFERRED;


--
-- Name: django_admin_log django_admin_log_user_id_c564eba6_fk_users_user_id; Type: FK CONSTRAINT; Schema: public; Owner: admin
--

ALTER TABLE ONLY public.django_admin_log
    ADD CONSTRAINT django_admin_log_user_id_c564eba6_fk_users_user_id FOREIGN KEY (user_id) REFERENCES public.users_user(id) DEFERRABLE INITIALLY DEFERRED;


--
-- Name: finance_cashbox finance_cashbox_article_id_2e15dc33_fk_finance_article_id; Type: FK CONSTRAINT; Schema: public; Owner: admin
--

ALTER TABLE ONLY public.finance_cashbox
    ADD CONSTRAINT finance_cashbox_article_id_2e15dc33_fk_finance_article_id FOREIGN KEY (article_id) REFERENCES public.finance_article(id) DEFERRABLE INITIALLY DEFERRED;


--
-- Name: finance_cashbox finance_cashbox_manager_id_67d9219a_fk_users_user_id; Type: FK CONSTRAINT; Schema: public; Owner: admin
--

ALTER TABLE ONLY public.finance_cashbox
    ADD CONSTRAINT finance_cashbox_manager_id_67d9219a_fk_users_user_id FOREIGN KEY (manager_id) REFERENCES public.users_user(id) DEFERRABLE INITIALLY DEFERRED;


--
-- Name: finance_cashbox finance_cashbox_personal_account_id_0488b286_fk_building_; Type: FK CONSTRAINT; Schema: public; Owner: admin
--

ALTER TABLE ONLY public.finance_cashbox
    ADD CONSTRAINT finance_cashbox_personal_account_id_0488b286_fk_building_ FOREIGN KEY (personal_account_id) REFERENCES public.building_personalaccount(id) DEFERRABLE INITIALLY DEFERRED;


--
-- Name: finance_cashbox finance_cashbox_receipt_id_443b2685_fk_finance_receipt_id; Type: FK CONSTRAINT; Schema: public; Owner: admin
--

ALTER TABLE ONLY public.finance_cashbox
    ADD CONSTRAINT finance_cashbox_receipt_id_443b2685_fk_finance_receipt_id FOREIGN KEY (receipt_id) REFERENCES public.finance_receipt(id) DEFERRABLE INITIALLY DEFERRED;


--
-- Name: finance_counter finance_counter_apartment_id_43501d44_fk_building_apartment_id; Type: FK CONSTRAINT; Schema: public; Owner: admin
--

ALTER TABLE ONLY public.finance_counter
    ADD CONSTRAINT finance_counter_apartment_id_43501d44_fk_building_apartment_id FOREIGN KEY (apartment_id) REFERENCES public.building_apartment(id) DEFERRABLE INITIALLY DEFERRED;


--
-- Name: finance_counter finance_counter_service_id_c7d84c00_fk_finance_service_id; Type: FK CONSTRAINT; Schema: public; Owner: admin
--

ALTER TABLE ONLY public.finance_counter
    ADD CONSTRAINT finance_counter_service_id_c7d84c00_fk_finance_service_id FOREIGN KEY (service_id) REFERENCES public.finance_service(id) DEFERRABLE INITIALLY DEFERRED;


--
-- Name: finance_counterreading finance_counterreadi_counter_id_934b9b88_fk_finance_c; Type: FK CONSTRAINT; Schema: public; Owner: admin
--

ALTER TABLE ONLY public.finance_counterreading
    ADD CONSTRAINT finance_counterreadi_counter_id_934b9b88_fk_finance_c FOREIGN KEY (counter_id) REFERENCES public.finance_counter(id) DEFERRABLE INITIALLY DEFERRED;


--
-- Name: finance_receipt finance_receipt_apartment_id_40aba459_fk_building_apartment_id; Type: FK CONSTRAINT; Schema: public; Owner: admin
--

ALTER TABLE ONLY public.finance_receipt
    ADD CONSTRAINT finance_receipt_apartment_id_40aba459_fk_building_apartment_id FOREIGN KEY (apartment_id) REFERENCES public.building_apartment(id) DEFERRABLE INITIALLY DEFERRED;


--
-- Name: finance_receipt finance_receipt_tariff_id_65d84927_fk_finance_tariff_id; Type: FK CONSTRAINT; Schema: public; Owner: admin
--

ALTER TABLE ONLY public.finance_receipt
    ADD CONSTRAINT finance_receipt_tariff_id_65d84927_fk_finance_tariff_id FOREIGN KEY (tariff_id) REFERENCES public.finance_tariff(id) DEFERRABLE INITIALLY DEFERRED;


--
-- Name: finance_receiptitem finance_receiptitem_receipt_id_aba49f36_fk_finance_receipt_id; Type: FK CONSTRAINT; Schema: public; Owner: admin
--

ALTER TABLE ONLY public.finance_receiptitem
    ADD CONSTRAINT finance_receiptitem_receipt_id_aba49f36_fk_finance_receipt_id FOREIGN KEY (receipt_id) REFERENCES public.finance_receipt(id) DEFERRABLE INITIALLY DEFERRED;


--
-- Name: finance_receiptitem finance_receiptitem_service_id_8491373a_fk_finance_service_id; Type: FK CONSTRAINT; Schema: public; Owner: admin
--

ALTER TABLE ONLY public.finance_receiptitem
    ADD CONSTRAINT finance_receiptitem_service_id_8491373a_fk_finance_service_id FOREIGN KEY (service_id) REFERENCES public.finance_service(id) DEFERRABLE INITIALLY DEFERRED;


--
-- Name: finance_service finance_service_unit_id_184196ca_fk_finance_unit_id; Type: FK CONSTRAINT; Schema: public; Owner: admin
--

ALTER TABLE ONLY public.finance_service
    ADD CONSTRAINT finance_service_unit_id_184196ca_fk_finance_unit_id FOREIGN KEY (unit_id) REFERENCES public.finance_unit(id) DEFERRABLE INITIALLY DEFERRED;


--
-- Name: finance_tariffservice finance_tariffservic_currency_id_9311c6b8_fk_finance_c; Type: FK CONSTRAINT; Schema: public; Owner: admin
--

ALTER TABLE ONLY public.finance_tariffservice
    ADD CONSTRAINT finance_tariffservic_currency_id_9311c6b8_fk_finance_c FOREIGN KEY (currency_id) REFERENCES public.finance_currency(id) DEFERRABLE INITIALLY DEFERRED;


--
-- Name: finance_tariffservice finance_tariffservice_service_id_bd302fc4_fk_finance_service_id; Type: FK CONSTRAINT; Schema: public; Owner: admin
--

ALTER TABLE ONLY public.finance_tariffservice
    ADD CONSTRAINT finance_tariffservice_service_id_bd302fc4_fk_finance_service_id FOREIGN KEY (service_id) REFERENCES public.finance_service(id) DEFERRABLE INITIALLY DEFERRED;


--
-- Name: finance_tariffservice finance_tariffservice_tariff_id_6f2b7432_fk_finance_tariff_id; Type: FK CONSTRAINT; Schema: public; Owner: admin
--

ALTER TABLE ONLY public.finance_tariffservice
    ADD CONSTRAINT finance_tariffservice_tariff_id_6f2b7432_fk_finance_tariff_id FOREIGN KEY (tariff_id) REFERENCES public.finance_tariff(id) DEFERRABLE INITIALLY DEFERRED;


--
-- Name: users_invitation users_invitation_user_id_2ff394d9_fk_users_user_id; Type: FK CONSTRAINT; Schema: public; Owner: admin
--

ALTER TABLE ONLY public.users_invitation
    ADD CONSTRAINT users_invitation_user_id_2ff394d9_fk_users_user_id FOREIGN KEY (user_id) REFERENCES public.users_user(id) DEFERRABLE INITIALLY DEFERRED;


--
-- Name: users_message users_message_sender_id_d1e3d44e_fk_users_user_id; Type: FK CONSTRAINT; Schema: public; Owner: admin
--

ALTER TABLE ONLY public.users_message
    ADD CONSTRAINT users_message_sender_id_d1e3d44e_fk_users_user_id FOREIGN KEY (sender_id) REFERENCES public.users_user(id) DEFERRABLE INITIALLY DEFERRED;


--
-- Name: users_messagerecipient users_messagerecipient_message_id_98132c5f_fk_users_message_id; Type: FK CONSTRAINT; Schema: public; Owner: admin
--

ALTER TABLE ONLY public.users_messagerecipient
    ADD CONSTRAINT users_messagerecipient_message_id_98132c5f_fk_users_message_id FOREIGN KEY (message_id) REFERENCES public.users_message(id) DEFERRABLE INITIALLY DEFERRED;


--
-- Name: users_messagerecipient users_messagerecipient_user_id_e1db9bc9_fk_users_user_id; Type: FK CONSTRAINT; Schema: public; Owner: admin
--

ALTER TABLE ONLY public.users_messagerecipient
    ADD CONSTRAINT users_messagerecipient_user_id_e1db9bc9_fk_users_user_id FOREIGN KEY (user_id) REFERENCES public.users_user(id) DEFERRABLE INITIALLY DEFERRED;


--
-- Name: users_ticket users_ticket_apartment_id_ca19f243_fk_building_apartment_id; Type: FK CONSTRAINT; Schema: public; Owner: admin
--

ALTER TABLE ONLY public.users_ticket
    ADD CONSTRAINT users_ticket_apartment_id_ca19f243_fk_building_apartment_id FOREIGN KEY (apartment_id) REFERENCES public.building_apartment(id) DEFERRABLE INITIALLY DEFERRED;


--
-- Name: users_ticket users_ticket_master_id_04be4ae4_fk_users_user_id; Type: FK CONSTRAINT; Schema: public; Owner: admin
--

ALTER TABLE ONLY public.users_ticket
    ADD CONSTRAINT users_ticket_master_id_04be4ae4_fk_users_user_id FOREIGN KEY (master_id) REFERENCES public.users_user(id) DEFERRABLE INITIALLY DEFERRED;


--
-- Name: users_ticket users_ticket_role_id_e89e09d1_fk_users_role_id; Type: FK CONSTRAINT; Schema: public; Owner: admin
--

ALTER TABLE ONLY public.users_ticket
    ADD CONSTRAINT users_ticket_role_id_e89e09d1_fk_users_role_id FOREIGN KEY (role_id) REFERENCES public.users_role(id) DEFERRABLE INITIALLY DEFERRED;


--
-- Name: users_ticket users_ticket_user_id_50aca908_fk_users_user_id; Type: FK CONSTRAINT; Schema: public; Owner: admin
--

ALTER TABLE ONLY public.users_ticket
    ADD CONSTRAINT users_ticket_user_id_50aca908_fk_users_user_id FOREIGN KEY (user_id) REFERENCES public.users_user(id) DEFERRABLE INITIALLY DEFERRED;


--
-- Name: users_user_groups users_user_groups_group_id_9afc8d0e_fk_auth_group_id; Type: FK CONSTRAINT; Schema: public; Owner: admin
--

ALTER TABLE ONLY public.users_user_groups
    ADD CONSTRAINT users_user_groups_group_id_9afc8d0e_fk_auth_group_id FOREIGN KEY (group_id) REFERENCES public.auth_group(id) DEFERRABLE INITIALLY DEFERRED;


--
-- Name: users_user_groups users_user_groups_user_id_5f6f5a90_fk_users_user_id; Type: FK CONSTRAINT; Schema: public; Owner: admin
--

ALTER TABLE ONLY public.users_user_groups
    ADD CONSTRAINT users_user_groups_user_id_5f6f5a90_fk_users_user_id FOREIGN KEY (user_id) REFERENCES public.users_user(id) DEFERRABLE INITIALLY DEFERRED;


--
-- Name: users_user users_user_role_id_854f2687_fk_users_role_id; Type: FK CONSTRAINT; Schema: public; Owner: admin
--

ALTER TABLE ONLY public.users_user
    ADD CONSTRAINT users_user_role_id_854f2687_fk_users_role_id FOREIGN KEY (role_id) REFERENCES public.users_role(id) DEFERRABLE INITIALLY DEFERRED;


--
-- Name: users_user_user_permissions users_user_user_perm_permission_id_0b93982e_fk_auth_perm; Type: FK CONSTRAINT; Schema: public; Owner: admin
--

ALTER TABLE ONLY public.users_user_user_permissions
    ADD CONSTRAINT users_user_user_perm_permission_id_0b93982e_fk_auth_perm FOREIGN KEY (permission_id) REFERENCES public.auth_permission(id) DEFERRABLE INITIALLY DEFERRED;


--
-- Name: users_user_user_permissions users_user_user_permissions_user_id_20aca447_fk_users_user_id; Type: FK CONSTRAINT; Schema: public; Owner: admin
--

ALTER TABLE ONLY public.users_user_user_permissions
    ADD CONSTRAINT users_user_user_permissions_user_id_20aca447_fk_users_user_id FOREIGN KEY (user_id) REFERENCES public.users_user(id) DEFERRABLE INITIALLY DEFERRED;


--
-- Name: website_aboutuspage website_aboutuspage_gallery1_id_233a01d1_fk_website_gallery_id; Type: FK CONSTRAINT; Schema: public; Owner: admin
--

ALTER TABLE ONLY public.website_aboutuspage
    ADD CONSTRAINT website_aboutuspage_gallery1_id_233a01d1_fk_website_gallery_id FOREIGN KEY (gallery1_id) REFERENCES public.website_gallery(id) DEFERRABLE INITIALLY DEFERRED;


--
-- Name: website_aboutuspage website_aboutuspage_gallery2_id_e27f968c_fk_website_gallery_id; Type: FK CONSTRAINT; Schema: public; Owner: admin
--

ALTER TABLE ONLY public.website_aboutuspage
    ADD CONSTRAINT website_aboutuspage_gallery2_id_e27f968c_fk_website_gallery_id FOREIGN KEY (gallery2_id) REFERENCES public.website_gallery(id) DEFERRABLE INITIALLY DEFERRED;


--
-- Name: website_aboutuspage website_aboutuspage_seo_block_id_bdbc184e_fk_website_s; Type: FK CONSTRAINT; Schema: public; Owner: admin
--

ALTER TABLE ONLY public.website_aboutuspage
    ADD CONSTRAINT website_aboutuspage_seo_block_id_bdbc184e_fk_website_s FOREIGN KEY (seo_block_id) REFERENCES public.website_seoblock(id) DEFERRABLE INITIALLY DEFERRED;


--
-- Name: website_contactpage website_contactpage_seo_block_id_04e9db16_fk_website_s; Type: FK CONSTRAINT; Schema: public; Owner: admin
--

ALTER TABLE ONLY public.website_contactpage
    ADD CONSTRAINT website_contactpage_seo_block_id_04e9db16_fk_website_s FOREIGN KEY (seo_block_id) REFERENCES public.website_seoblock(id) DEFERRABLE INITIALLY DEFERRED;


--
-- Name: website_image website_image_gallery_id_91dc697f_fk_website_gallery_id; Type: FK CONSTRAINT; Schema: public; Owner: admin
--

ALTER TABLE ONLY public.website_image
    ADD CONSTRAINT website_image_gallery_id_91dc697f_fk_website_gallery_id FOREIGN KEY (gallery_id) REFERENCES public.website_gallery(id) DEFERRABLE INITIALLY DEFERRED;


--
-- Name: website_mainblock website_mainblock_main_page_id_0e298da7_fk_website_mainpage_id; Type: FK CONSTRAINT; Schema: public; Owner: admin
--

ALTER TABLE ONLY public.website_mainblock
    ADD CONSTRAINT website_mainblock_main_page_id_0e298da7_fk_website_mainpage_id FOREIGN KEY (main_page_id) REFERENCES public.website_mainpage(id) DEFERRABLE INITIALLY DEFERRED;


--
-- Name: website_mainpage website_mainpage_gallery_id_3719118e_fk_website_gallery_id; Type: FK CONSTRAINT; Schema: public; Owner: admin
--

ALTER TABLE ONLY public.website_mainpage
    ADD CONSTRAINT website_mainpage_gallery_id_3719118e_fk_website_gallery_id FOREIGN KEY (gallery_id) REFERENCES public.website_gallery(id) DEFERRABLE INITIALLY DEFERRED;


--
-- Name: website_mainpage website_mainpage_seo_block_id_34fd0e90_fk_website_seoblock_id; Type: FK CONSTRAINT; Schema: public; Owner: admin
--

ALTER TABLE ONLY public.website_mainpage
    ADD CONSTRAINT website_mainpage_seo_block_id_34fd0e90_fk_website_seoblock_id FOREIGN KEY (seo_block_id) REFERENCES public.website_seoblock(id) DEFERRABLE INITIALLY DEFERRED;


--
-- Name: website_serviceblock website_serviceblock_service_page_id_7c804e96_fk_website_s; Type: FK CONSTRAINT; Schema: public; Owner: admin
--

ALTER TABLE ONLY public.website_serviceblock
    ADD CONSTRAINT website_serviceblock_service_page_id_7c804e96_fk_website_s FOREIGN KEY (service_page_id) REFERENCES public.website_servicepage(id) DEFERRABLE INITIALLY DEFERRED;


--
-- Name: website_servicepage website_servicepage_seo_block_id_2d51e33f_fk_website_s; Type: FK CONSTRAINT; Schema: public; Owner: admin
--

ALTER TABLE ONLY public.website_servicepage
    ADD CONSTRAINT website_servicepage_seo_block_id_2d51e33f_fk_website_s FOREIGN KEY (seo_block_id) REFERENCES public.website_seoblock(id) DEFERRABLE INITIALLY DEFERRED;


--
-- PostgreSQL database dump complete
--

\unrestrict fW9xKfMFVvp6Zlva1CtNIOCG4p980RdGnz2S7a3f1wfvz7yITSyw7UFZOV2klIl
